α,あ,Greek
βα,わ,Greek
γκα,が,Greek
γκε,げ,Greek
γκι,ぎ,Greek
γκια,ぎゃ,Greek
γκιο,ぎょ,Greek
γκιου,ぎゅ,Greek
γκο,ご,Greek
γκου,ぐ,Greek
ε,え,Greek
ζα,ざ,Greek
ζε,ぜ,Greek
ζζου,っつ,Greek
ζια,じゃ,Greek
ζιι,じ,Greek
ζιο,じょ,Greek
ζιου,じゅ,Greek
ζο,ぞ,Greek
ζου,ず,Greek
ι,い,Greek
ια,や,Greek
ιο,よ,Greek
ιου,ゆ,Greek
κα,か,Greek
κε,け,Greek
κι,き,Greek
κια,きゃ,Greek
κιο,きょ,Greek
κιου,きゅ,Greek
κκα,っか,Greek
κκε,っけ,Greek
κκι,っき,Greek
κκια,っきゃ,Greek
κκιο,っきょ,Greek
κκιου,っきゅ,Greek
κκο,っこ,Greek
κκου,っく,Greek
κο,こ,Greek
κου,く,Greek
μα,ま,Greek
με,め,Greek
μι,み,Greek
μια,みゃ,Greek
μιο,みょ,Greek
μιου,みゅ,Greek
μο,も,Greek
μου,む,Greek
μπα,ば,Greek
μπε,べ,Greek
μπι,び,Greek
μπια,びゃ,Greek
μπιο,びょ,Greek
μπιου,びゅ,Greek
μπο,ぼ,Greek
μπου,ぶ,Greek
ν,ん,Greek
να,な,Greek
ν-α,んあ,Greek
νε,ね,Greek
ν-ε,んえ,Greek
νι,に,Greek
ν-ι,んい,Greek
νια,にゃ,Greek
ν-ια,んや,Greek
νιο,にょ,Greek
ν-ιο,んよ,Greek
νιου,にゅ,Greek
ν-ιου,んゆ,Greek
νο,の,Greek
ν-ο,んお,Greek
νου,ぬ,Greek
ν-ου,んう,Greek
ντα,だ,Greek
ντε,で,Greek
ντο,ど,Greek
ο,お,Greek
ου,う,Greek
πα,ぱ,Greek
πε,ぺ,Greek
πι,ぴ,Greek
πια,ぴゃ,Greek
πιο,ぴょ,Greek
πιου,ぴゅ,Greek
πο,ぽ,Greek
που,ぷ,Greek
ππα,っぱ,Greek
ππε,っぺ,Greek
ππι,っぴ,Greek
ππια,っぴゃ,Greek
ππιο,っぴょ,Greek
ππιου,っぴゅ,Greek
ππο,っぽ,Greek
ππου,っぷ,Greek
ρα,ら,Greek
ρε,れ,Greek
ρι,り,Greek
ρια,りゃ,Greek
ριο,りょ,Greek
ριου,りゅ,Greek
ρο,ろ,Greek
ρου,る,Greek
σα,さ,Greek
σε,せ,Greek
σια,しゃ,Greek
σιι,し,Greek
σιο,しょ,Greek
σιου,しゅ,Greek
σο,そ,Greek
σου,す,Greek
σσα,っさ,Greek
σσε,っせ,Greek
σσια,っしゃ,Greek
σσιι,っし,Greek
σσιο,っしょ,Greek
σσιου,っしゅ,Greek
σσο,っそ,Greek
σσου,っす,Greek
τα,た,Greek
τε,て,Greek
τια,ちゃ,Greek
τιι,ち,Greek
τιο,ちょ,Greek
τιου,ちゅ,Greek
το,と,Greek
τσου,つ,Greek
ττα,った,Greek
ττε,って,Greek
ττια,っちゃ,Greek
ττιι,っち,Greek
ττιο,っちょ,Greek
ττιου,っちゅ,Greek
ττο,っと,Greek
φου,ふ,Greek
χα,は,Greek
χε,へ,Greek
χι,ひ,Greek
χια,ひゃ,Greek
χιο,ひょ,Greek
χιου,ひゅ,Greek
χο,ほ,Greek
а,あ,Russian
ба,ば,Russian
бё,びょ,Russian
би,び,Russian
бй,び,Russian
бии,び,Russian
бий,び,Russian
бо,ぼ,Russian
бу,ぶ,Russian
бэ,べ,Russian
бю,びゅ,Russian
бя,びゃ,Russian
ва,わ,Russian
га,が,Russian
гё,ぎょ,Russian
ги,ぎ,Russian
гй,ぎ,Russian
гии,ぎ,Russian
гий,ぎ,Russian
го,ご,Russian
гу,ぐ,Russian
гэ,げ,Russian
гю,ぎゅ,Russian
гя,ぎゃ,Russian
да,だ,Russian
дза,ざ,Russian
дзё,じょ,Russian
дзи,じ,Russian
дзй,じ,Russian
дзии,じ,Russian
дзий,じ,Russian
дзо,ぞ,Russian
дзу,ズ,Russian
дзэ,ぜ,Russian
дзю,じゅ,Russian
дзя,じゃ,Russian
до,ど,Russian
дэ,で,Russian
ё,よ,Russian
и,い,Russian
й,い,Russian
ии,い,Russian
ий,い,Russian
ка,か,Russian
кё,きょ,Russian
ки,き,Russian
кй,き,Russian
кии,き,Russian
кий,き,Russian
кка,っか,Russian
ккё,っきょ,Russian
кки,っき,Russian
ккии,っき,Russian
ккий,っき,Russian
кко,っこ,Russian
кку,っく,Russian
ккэ,っけ,Russian
ккю,っきゅ,Russian
ккя,っきゃ,Russian
ко,こ,Russian
ку,く,Russian
кэ,け,Russian
кю,きゅ,Russian
кя,きゃ,Russian
ма,ま,Russian
мё,みょ,Russian
ми,み,Russian
мй,み,Russian
мии,み,Russian
мий,み,Russian
мо,も,Russian
му,む,Russian
мэ,め,Russian
мю,みゅ,Russian
мя,みゃ,Russian
н,ん,Russian
на,な,Russian
нё,にょ,Russian
ни,に,Russian
нй,に,Russian
нии,に,Russian
но,の,Russian
ну,ぬ,Russian
нъа,んあ,Russian
нъё,んよ,Russian
нъии,んい,Russian
нъий,んい,Russian
нъо,んお,Russian
нъу,んう,Russian
нъэ,んえ,Russian
нъю,んゆ,Russian
нъя,んや,Russian
нэ,ね,Russian
ню,にゅ,Russian
ня,にゃ,Russian
о,お,Russian
па,ぱ,Russian
пё,ぴょ,Russian
пи,ぴ,Russian
пй,ぴ,Russian
пии,ぴ,Russian
пий,ぴ,Russian
по,ぽ,Russian
ппа,っぱ,Russian
ппё,っぴょ,Russian
ппи,っぴ,Russian
ппй,っぴ,Russian
ппии,っぴ,Russian
ппий,っぴ,Russian
ппо,っぽ,Russian
ппу,っぷ,Russian
ппэ,っぺ,Russian
ппю,っぴゅ,Russian
ппя,っぴゃ,Russian
пу,ぷ,Russian
пэ,ぺ,Russian
пю,ぴゅ,Russian
пя,ぴゃ,Russian
ра,ら,Russian
рё,りょ,Russian
ри,り,Russian
рй,り,Russian
рии,り,Russian
рий,り,Russian
ро,ろ,Russian
ру,る,Russian
рэ,れ,Russian
рю,りゅ,Russian
ря,りゃ,Russian
са,さ,Russian
сё,しょ,Russian
си,し,Russian
сй,し,Russian
сии,し,Russian
со,そ,Russian
сса,っさ,Russian
ссё,っしょ,Russian
сси,っし,Russian
ссии,っし,Russian
ссий,っし,Russian
ссо,っそ,Russian
ссу,っす,Russian
ссэ,っせ,Russian
ссю,っしゅ,Russian
сся,っしゃ,Russian
су,す,Russian
сэ,せ,Russian
сю,しゅ,Russian
ся,しゃ,Russian
та,た,Russian
тё,ちょ,Russian
ти,ち,Russian
тй,ち,Russian
тии,ち,Russian
тий,ち,Russian
то,と,Russian
тта,った,Russian
ттё,っちょ,Russian
тти,っち,Russian
ттии,っち,Russian
тто,っと,Russian
ттэ,って,Russian
ттю,っちゅ,Russian
ття,っちゃ,Russian
тэ,て,Russian
тю,ちゅ,Russian
тя,ちゃ,Russian
у,う,Russian
фу,ふ,Russian
ха,は,Russian
хё,ひょ,Russian
хи,ひ,Russian
хй,ひ,Russian
хии,ひ,Russian
хий,ひ,Russian
хо,ほ,Russian
хэ,へ,Russian
хю,ひゅ,Russian
хя,ひゃ,Russian
цу,つ,Russian
ццу,っつ,Russian
э,え,Russian
ю,ゆ,Russian
я,や,Russian
ա,あ,Armenian
ավա,あざ,Armenian
ավե,あぜ,Armenian
ավո,あぞ,Armenian
ավու,あず,Armenian
բա,ば,Armenian
բամ,ばん,Armenian
բե,べ,Armenian
բեմ,べん,Armenian
բի,び,Armenian
բիմ,びん,Armenian
բյա,びゃ,Armenian
բյամ,びゃん,Armenian
բյո,びょ,Armenian
բյոմ,びょん,Armenian
բյու,びゅ,Armenian
բյում,びゅん,Armenian
բո,ぼ,Armenian
բոմ,ぼん,Armenian
բու,ぶ,Armenian
բում,ぶん,Armenian
գա,が,Armenian
գե,げ,Armenian
գի,ぎ,Armenian
գյա,ぎゃ,Armenian
գյո,ぎょ,Armenian
գյու,ぎゅ,Armenian
գո,ご,Armenian
գու,ぐ,Armenian
դա,だ,Armenian
դե,で,Armenian
դո,ど,Armenian
ե,え,Armenian
եվա,えざ,Armenian
եվե,えぜ,Armenian
եվո,えぞ,Armenian
եվու,えず,Armenian
զա,じゃ,Armenian
զի,じ,Armenian
զո,じょ,Armenian
զու,じゅ,Armenian
թա,た,Armenian
թե,て,Armenian
թո,と,Armenian
ի,い,Armenian
իվա,いざ,Armenian
իվե,いぜ,Armenian
իվո,いぞ,Armenian
իվու,いず,Armenian
ծա,しゃ,Armenian
ծի,し,Armenian
ծո,しょ,Armenian
ծու,しゅ,Armenian
կա,っか,Armenian
կե,っけ,Armenian
կի,っき,Armenian
կյա,っきゃ,Armenian
կյո,っきょ,Armenian
կյու,っきゅ,Armenian
կո,っこ,Armenian
կու,っく,Armenian
հա,は,Armenian
հե,へ,Armenian
հի,ひ,Armenian
հյա,ひゃ,Armenian
հյո,ひょ,Armenian
հյու,ひゅ,Armenian
հո,ほ,Armenian
ձա,ざ,Armenian
ձե,ぜ,Armenian
ձո,ぞ,Armenian
ձու,ず,Armenian
մա,ま,Armenian
մամ,まん,Armenian
մե,め,Armenian
մեմ,めん,Armenian
մի,み,Armenian
միմ,みん,Armenian
մյա,みゃ,Armenian
մյամ,みゃん,Armenian
մյո,みょ,Armenian
մյոմ,みょん,Armenian
մյու,みゅ,Armenian
մյում,みゅん,Armenian
մո,も,Armenian
մոմ,もん,Armenian
մու,む,Armenian
մում,むん,Armenian
յա,や,Armenian
յո,よ,Armenian
յու,ゆ,Armenian
ն,ん,Armenian
նա,な,Armenian
Ն-ա,んあ,Armenian
նե,ね,Armenian
Ն-ե,んえ,Armenian
նի,に,Armenian
Ն-ի,んい,Armenian
նյա,にゃ,Armenian
ն-յա,んや,Armenian
նյո,にょ,Armenian
ն-յո,んよ,Armenian
նյու,にゅ,Armenian
ն-յու,んゆ,Armenian
նո,の,Armenian
Ն-ո,んお,Armenian
նու,ぬ,Armenian
Ն-ու,んう,Armenian
ո,お,Armenian
ովա,おざ,Armenian
ովե,おぜ,Armenian
ովո,おぞ,Armenian
ովու,おず,Armenian
ու,う,Armenian
ուա,わ,Armenian
ուվա,うざ,Armenian
ուվե,うぜ,Armenian
ուվո,うぞ,Armenian
ուվու,うず,Armenian
չա,ちゃ,Armenian
չի,ち,Armenian
չո,ちょ,Armenian
չու,ちゅ,Armenian
պա,っぱ,Armenian
պե,っぺ,Armenian
պի,っぴ,Armenian
պյա,っぴゃ,Armenian
պյո,っぴょ,Armenian
պյու,っぴゅ,Armenian
պո,っぽ,Armenian
պու,っぷ,Armenian
սա,さ,Armenian
սե,せ,Armenian
սո,そ,Armenian
սու,す,Armenian
տա,った,Armenian
տե,って,Armenian
տո,っと,Armenian
րա,ら,Armenian
րե,れ,Armenian
րի,り,Armenian
րյա,りゃ,Armenian
րյո,りょ,Armenian
րյու,りゅ,Armenian
րո,ろ,Armenian
րու,る,Armenian
ցու,つ,Armenian
փա,ぱ,Armenian
փամ,ぱん,Armenian
փե,ぺ,Armenian
փեմ,ぺん,Armenian
փի,ぴ,Armenian
փիմ,ぴん,Armenian
փյա,ぴゃ,Armenian
փյամ,ぴゃん,Armenian
փյո,ぴょ,Armenian
փյոմ,ぴょん,Armenian
փյու,ぴゅ,Armenian
փյում,ぴゅん,Armenian
փո,ぽ,Armenian
փոմ,ぽん,Armenian
փու,ぷ,Armenian
փում,ぷん,Armenian
քա,か,Armenian
քե,け,Armenian
քի,き,Armenian
քյա,きゃ,Armenian
քյո,きょ,Armenian
քյու,きゅ,Armenian
քո,こ,Armenian
քու,く,Armenian
ֆու,ふ,Armenian
ა,あ,Georgia
ბა,ば,Georgia
ბე,べ,Georgia
ბი,び,Georgia
ბია,びゃ,Georgia
ბი-ა,びあ,Georgia
ბიო,びょ,Georgia
ბი-ო,びお,Georgia
ბიუ,びゅ,Georgia
ბი-უ,びう,Georgia
ბი-უა,びわ,Georgia
ბო,ぼ,Georgia
ბუ,ぶ,Georgia
გა,が,Georgia
გე,げ,Georgia
გი,ぎ,Georgia
გია,ぎゃ,Georgia
გი-ა,ぎあ,Georgia
გიო,ぎょ,Georgia
გი-ო,ぎお,Georgia
გიუ,ぎゅ,Georgia
გი-უა,ぎわ,Georgia
გო,ご,Georgia
გუ,ぐ,Georgia
და,だ,Georgia
დე,で,Georgia
დო,ど,Georgia
ე,え,Georgia
ვა,か,Georgia
ვე,け,Georgia
ვი,き,Georgia
ვია,きゃ,Georgia
ვი-ა,きあ,Georgia
ვიო,きょ,Georgia
ვი-ო,きお,Georgia
ვიუ,きゅ,Georgia
ვი-უ,きう,Georgia
ვი-უა,きわ,Georgia
ვო,こ,Georgia
ვუ,く,Georgia
ი,い,Georgia
ია,や,Georgia
ი-ა,いあ,Georgia
ი-იო,いよ,Georgia
იო,よ,Georgia
ი-ო,いお,Georgia
იუ,ゆ,Georgia
ი-უ,いう,Georgia
ი-უა,いわ,Georgia
მა,ま,Georgia
მე,め,Georgia
მი,み,Georgia
მია,みゃ,Georgia
მი-ა,みあ,Georgia
მიო,みょ,Georgia
მი-ო,みお,Georgia
მიუ,みゅ,Georgia
მი-უ,みう,Georgia
მი-უა,みわ,Georgia
მო,も,Georgia
მუ,む,Georgia
ნ,ん,Georgia
ნა,な,Georgia
ნ-ა,んあ,Georgia
ნე,ね,Georgia
ნ-ე,んえ,Georgia
ნი,に,Georgia
ნ-ი,んい,Georgia
ნია,にゃ,Georgia
ნი-ა,にあ,Georgia
ნ-ია,んや,Georgia
ნიო,にょ,Georgia
ნი-ო,にお,Georgia
ნ-იო,んよ,Georgia
ნიუ,にゅ,Georgia
ნი-უ,にう,Georgia
ნ-იუ,んゆ,Georgia
ნი-უა,にわ,Georgia
ნო,の,Georgia
ნ-ო,んお,Georgia
ნუ,ぬ,Georgia
ნ-უ,んう,Georgia
ო,お,Georgia
პუ,つ,Georgia
რა,ら,Georgia
რე,れ,Georgia
რი,り,Georgia
რია,りゃ,Georgia
რი-ა,りあ,Georgia
რიო,りょ,Georgia
რი-ო,りお,Georgia
რიუ,りゅ,Georgia
რი-უ,りう,Georgia
რი-უა,りわ,Georgia
რო,ろ,Georgia
რუ,る,Georgia
სა,さ,Georgia
სე,せ,Georgia
სო,そ,Georgia
სუ,す,Georgia
ტა,た,Georgia
ტე,て,Georgia
ტო,と,Georgia
უ,う,Georgia
უა,わ,Georgia
უ-ა,うあ,Georgia
შა,しゃ,Georgia
ში,し,Georgia
შო,しょ,Georgia
შუ,しゅ,Georgia
ჩა,ちゃ,Georgia
ჩი,ち,Georgia
ჩო,ちょ,Georgia
ჩუ,ちゅ,Georgia
ძა,ざ,Georgia
ძე,ぜ,Georgia
ძო,ぞ,Georgia
ძუ,ズ,Georgia
ჴა,ぱ,Georgia
ჴე,ぺ,Georgia
ჴი,ぴ,Georgia
ჴია,ぴゃ,Georgia
ჴი-ა,ぴあ,Georgia
ჴიო,ぴょ,Georgia
ჴი-ო,ぴお,Georgia
ჴიუ,ぴゅ,Georgia
ჴი-უ,ぴう,Georgia
ჴი-უა,ぴわ,Georgia
ჴო,ぽ,Georgia
ჴუ,ぷ,Georgia
ჯა,じゃ,Georgia
ჯი,じ,Georgia
ჯო,じょ,Georgia
ჯუ,じゅ,Georgia
ჰა,は,Georgia
ჰე,へ,Georgia
ჰი,ひ,Georgia
ჰია,ひゃ,Georgia
ჰი-ა,ひあ,Georgia
ჰიო,ひょ,Georgia
ჰი-ო,ひお,Georgia
ჰიუ,ひゅ,Georgia
ჰი-უ,ひう,Georgia
ჰი-უა,ひわ,Georgia
ჰო,ほ,Georgia
ჶუ,ふ,Georgia
אֵ,え,Hebrew
אָ,あ,Hebrew
אֵה,え,Hebrew
אֵהֵ,えへ,Hebrew
אֵהָ,えは,Hebrew
אָה,あ,Hebrew
אָהֵ,あへ,Hebrew
אָהָ,あは,Hebrew
אֵהֵה,えへ,Hebrew
אֵהָה,えは,Hebrew
אָהֵה,あへ,Hebrew
אָהָה,あは,Hebrew
אֵהוֹ,えほ,Hebrew
אָהוֹ,あほ,Hebrew
אֵהיָ,えひゃ,Hebrew
אֵהִי,えひ,Hebrew
אָהיָ,あひゃ,Hebrew
אָהִי,あひ,Hebrew
אֵהיָה,えひゃ,Hebrew
אָהיָה,あひゃ,Hebrew
אֵהיוֹ,えひょ,Hebrew
אֵהיוּ,えひゅ,Hebrew
אָהיוֹ,あひょ,Hebrew
אָהיוּ,あひゅ,Hebrew
אוֹ,お,Hebrew
אוּ,う,Hebrew
אִי,い,Hebrew
בֵּ,べ,Hebrew
בָּ,ば,Hebrew
בֵּה,べ,Hebrew
בֵּהֵ,べへ,Hebrew
בֵּהָ,べは,Hebrew
בָּה,ば,Hebrew
בָּהֵ,ばへ,Hebrew
בָּהָ,ばは,Hebrew
בֵּהֵה,べへ,Hebrew
בֵּהָה,べは,Hebrew
בָּהֵה,ばへ,Hebrew
בָּהָה,ばは,Hebrew
בֵּהוֹ,べほ,Hebrew
בָּהוֹ,ばほ,Hebrew
בֵּהיָ,べひゃ,Hebrew
בֵּהִי,べひ,Hebrew
בָּהיָ,ばひゃ,Hebrew
בָּהִי,ばひ,Hebrew
בֵּהיָה,べひゃ,Hebrew
בָּהיָה,ばひゃ,Hebrew
בֵּהיוֹ,べひょ,Hebrew
בֵּהיוּ,べひゅ,Hebrew
בָּהיוֹ,ばひょ,Hebrew
בָּהיוּ,ばひゅ,Hebrew
בּוֹ,ぼ,Hebrew
בּוּ,ぶ,Hebrew
בּיָ,びゃ,Hebrew
בִּי,び,Hebrew
בּיָה,びゃ,Hebrew
בּיָהֵ,びゃへ,Hebrew
בּיָהָ,びゃは,Hebrew
בּיָהֵה,びゃへ,Hebrew
בּיָהָה,びゃは,Hebrew
בּיָהוֹ,びゃほ,Hebrew
בּיָהיָ,びゃひゃ,Hebrew
בּיָהִי,びゃひ,Hebrew
בּיָהיָה,びゃひゃ,Hebrew
בּיָהיוֹ,びゃひょ,Hebrew
בּיָהיוּ,びゃひゅ,Hebrew
בּיוֹ,びょ,Hebrew
בּיוּ,びゅ,Hebrew
גֵ,げ,Hebrew
גָ,が,Hebrew
ג׳ָ,じゃ,Hebrew
ג׳ָה,じゃ,Hebrew
ג׳ָהֵ,じゃへ,Hebrew
ג׳ָהָ,じゃは,Hebrew
ג׳ָהֵה,じゃへ,Hebrew
ג׳ָהָה,じゃは,Hebrew
ג׳ָהוֹ,じゃほ,Hebrew
ג׳ָהיָ,じゃひゃ,Hebrew
ג׳ָהִי,じゃひ,Hebrew
ג׳ָהיָה,じゃひゃ,Hebrew
ג׳ָהיוֹ,じゃひょ,Hebrew
ג׳ָהיוּ,じゃひゅ,Hebrew
ג׳וֹ,じょ,Hebrew
ג׳וּ,じゅ,Hebrew
ג׳ִי,じ,Hebrew
גֵה,げ,Hebrew
גֵהֵ,げへ,Hebrew
גֵהָ,げは,Hebrew
גָה,が,Hebrew
גָהֵ,がへ,Hebrew
גָהָ,がは,Hebrew
גֵהֵה,げへ,Hebrew
גֵהָה,げは,Hebrew
גָהֵה,がへ,Hebrew
גָהָה,がは,Hebrew
גֵהוֹ,げほ,Hebrew
גָהוֹ,がほ,Hebrew
גֵהיָ,げひゃ,Hebrew
גֵהִי,げひ,Hebrew
גָהיָ,がひゃ,Hebrew
גָהִי,がひ,Hebrew
גֵהיָה,げひゃ,Hebrew
גָהיָה,がひゃ,Hebrew
גֵהיוֹ,げひょ,Hebrew
גֵהיוּ,げひゅ,Hebrew
גָהיוֹ,がひょ,Hebrew
גָהיוּ,がひゅ,Hebrew
גוֹ,ご,Hebrew
גוּ,ぐ,Hebrew
גיָ,ぎゃ,Hebrew
גִי,ぎ,Hebrew
גיָה,ぎゃ,Hebrew
גיָהֵ,ぎゃへ,Hebrew
גיָהָ,ぎゃは,Hebrew
גיָהֵה,ぎゃへ,Hebrew
גיָהָה,ぎゃは,Hebrew
גיָהוֹ,ぎゃほ,Hebrew
גיָהיָ,ぎゃひゃ,Hebrew
גיָהִי,ぎゃひ,Hebrew
גיָהיָה,ぎゃひゃ,Hebrew
גיָהיוֹ,ぎゃひょ,Hebrew
גיָהיוּ,ぎゃひゅ,Hebrew
גיוֹ,ぎょ,Hebrew
גיוּ,ぎゅ,Hebrew
דֵ,で,Hebrew
דָ,だ,Hebrew
דֵה,で,Hebrew
דֵהֵ,でへ,Hebrew
דֵהָ,では,Hebrew
דָה,だ,Hebrew
דָהֵ,だへ,Hebrew
דָהָ,だは,Hebrew
דֵהֵה,でへ,Hebrew
דֵהָה,では,Hebrew
דָהֵה,だへ,Hebrew
דָהָה,だは,Hebrew
דֵהוֹ,でほ,Hebrew
דָהוֹ,だほ,Hebrew
דֵהיָ,でひゃ,Hebrew
דֵהִי,でひ,Hebrew
דָהיָ,だひゃ,Hebrew
דָהִי,だひ,Hebrew
דֵהיָה,でひゃ,Hebrew
דָהיָה,だひゃ,Hebrew
דֵהיוֹ,でひょ,Hebrew
דֵהיוּ,でひゅ,Hebrew
דָהיוֹ,だひょ,Hebrew
דָהיוּ,だひゅ,Hebrew
דוֹ,ど,Hebrew
הֵ,へ,Hebrew
הָ,は,Hebrew
ָה,っ,Hebrew
הֵה,へ,Hebrew
הֵהֵ,へへ,Hebrew
הֵהָ,へは,Hebrew
הָה,は,Hebrew
הָהֵ,はへ,Hebrew
הָהָ,はは,Hebrew
הֵהֵה,へへ,Hebrew
הֵהָה,へは,Hebrew
הָהֵה,はへ,Hebrew
הָהָה,はは,Hebrew
הֵהוֹ,へほ,Hebrew
הָהוֹ,はほ,Hebrew
הֵהיָ,へひゃ,Hebrew
הֵהִי,へひ,Hebrew
הָהיָ,はひゃ,Hebrew
הָהִי,はひ,Hebrew
הֵהיָה,へひゃ,Hebrew
הָהיָה,はひゃ,Hebrew
הֵהיוֹ,へひょ,Hebrew
הֵהיוּ,へひゅ,Hebrew
הָהיוֹ,はひょ,Hebrew
הָהיוּ,はひゅ,Hebrew
הוֹ,ほ,Hebrew
היָ,ひゃ,Hebrew
הִי,ひ,Hebrew
היָה,ひゃ,Hebrew
היָהֵ,ひゃへ,Hebrew
היָהָ,ひゃは,Hebrew
היָהֵה,ひゃへ,Hebrew
היָהָה,ひゃは,Hebrew
היָהוֹ,ひゃほ,Hebrew
היָהיָ,ひゃひゃ,Hebrew
היָהִי,ひゃひ,Hebrew
היָהיָה,ひゃひゃ,Hebrew
היָהיוֹ,ひゃひょ,Hebrew
היָהיוּ,ひゃひゅ,Hebrew
היוֹ,ひょ,Hebrew
היוּ,ひゅ,Hebrew
ווָ,わ,Hebrew
ווָה,わ,Hebrew
ווָהֵ,わへ,Hebrew
ווָהָ,わは,Hebrew
ווָהֵה,わへ,Hebrew
ווָהָה,わは,Hebrew
ווָהוֹ,わほ,Hebrew
ווָהיָ,わひゃ,Hebrew
ווָהִי,わひ,Hebrew
ווָהיָה,わひゃ,Hebrew
ווָהיוֹ,わひょ,Hebrew
ווָהיוּ,わひゅ,Hebrew
זֵ,ぜ,Hebrew
זָ,ざ,Hebrew
זֵה,ぜ,Hebrew
זֵהֵ,ぜへ,Hebrew
זֵהָ,ぜは,Hebrew
זָה,ざ,Hebrew
זָהֵ,ざへ,Hebrew
זָהָ,ざは,Hebrew
זֵהֵה,ぜへ,Hebrew
זֵהָה,ぜは,Hebrew
זָהֵה,ざへ,Hebrew
זָהָה,ざは,Hebrew
זֵהוֹ,ぜほ,Hebrew
זָהוֹ,ざほ,Hebrew
זֵהיָ,ぜひゃ,Hebrew
זֵהִי,ぜひ,Hebrew
זָהיָ,ざひゃ,Hebrew
זָהִי,ざひ,Hebrew
זֵהיָה,ぜひゃ,Hebrew
זָהיָה,ざひゃ,Hebrew
זֵהיוֹ,ぜひょ,Hebrew
זֵהיוּ,ぜひゅ,Hebrew
זָהיוֹ,ざひょ,Hebrew
זָהיוּ,ざひゅ,Hebrew
זוֹ,ぞ,Hebrew
זוּ,ず,Hebrew
טֵ,て,Hebrew
טָ,た,Hebrew
טֵה,て,Hebrew
טֵהֵ,てへ,Hebrew
טֵהָ,ては,Hebrew
טָה,た,Hebrew
טָהֵ,たへ,Hebrew
טָהָ,たは,Hebrew
טֵהֵה,てへ,Hebrew
טֵהָה,ては,Hebrew
טָהֵה,たへ,Hebrew
טָהָה,たは,Hebrew
טֵהוֹ,てほ,Hebrew
טָהוֹ,たほ,Hebrew
טֵהיָ,てひゃ,Hebrew
טֵהִי,てひ,Hebrew
טָהיָ,たひゃ,Hebrew
טָהִי,たひ,Hebrew
טֵהיָה,てひゃ,Hebrew
טָהיָה,たひゃ,Hebrew
טֵהיוֹ,てひょ,Hebrew
טֵהיוּ,てひゅ,Hebrew
טָהיוֹ,たひょ,Hebrew
טָהיוּ,たひゅ,Hebrew
טוֹ,と,Hebrew
יָ,や,Hebrew
יָה,や,Hebrew
יָהֵ,やへ,Hebrew
יָהָ,やは,Hebrew
יָהֵה,やへ,Hebrew
יָהָה,やは,Hebrew
יָהוֹ,やほ,Hebrew
יָהיָ,やひゃ,Hebrew
יָהִי,やひ,Hebrew
יָהיָה,やひゃ,Hebrew
יָהיוֹ,やひょ,Hebrew
יָהיוּ,やひゅ,Hebrew
יוֹ,よ,Hebrew
יוּ,ゆ,Hebrew
מֵ,め,Hebrew
מָ,ま,Hebrew
מֵה,め,Hebrew
מֵהֵ,めへ,Hebrew
מֵהָ,めは,Hebrew
מָה,ま,Hebrew
מָהֵ,まへ,Hebrew
מָהָ,まは,Hebrew
מֵהֵה,めへ,Hebrew
מֵהָה,めは,Hebrew
מָהֵה,まへ,Hebrew
מָהָה,まは,Hebrew
מֵהוֹ,めほ,Hebrew
מָהוֹ,まほ,Hebrew
מֵהיָ,めひゃ,Hebrew
מֵהִי,めひ,Hebrew
מָהיָ,まひゃ,Hebrew
מָהִי,まひ,Hebrew
מֵהיָה,めひゃ,Hebrew
מָהיָה,まひゃ,Hebrew
מֵהיוֹ,めひょ,Hebrew
מֵהיוּ,めひゅ,Hebrew
מָהיוֹ,まひょ,Hebrew
מָהיוּ,まひゅ,Hebrew
מוֹ,も,Hebrew
מוּ,む,Hebrew
מיָ,みゃ,Hebrew
מִי,み,Hebrew
מיָה,みゃ,Hebrew
מיָהֵ,みゃへ,Hebrew
מיָהָ,みゃは,Hebrew
מיָהֵה,みゃへ,Hebrew
מיָהָה,みゃは,Hebrew
מיָהוֹ,みゃほ,Hebrew
מיָהיָ,みゃひゃ,Hebrew
מיָהִי,みゃひ,Hebrew
מיָהיָה,みゃひゃ,Hebrew
מיָהיוֹ,みゃひょ,Hebrew
מיָהיוּ,みゃひゅ,Hebrew
מיוֹ,みょ,Hebrew
מיוּ,みゅ,Hebrew
נְ,ん,Hebrew
נֵ,ね,Hebrew
נָ,な,Hebrew
נְאֵ,んえ,Hebrew
נְאָ,んあ,Hebrew
נְאֵה,んえ,Hebrew
נְאָה,んあ,Hebrew
נְאוֹ,んお,Hebrew
נְאוּ,んう,Hebrew
נְאִי,んい,Hebrew
נֵה,ね,Hebrew
נֵהֵ,ねへ,Hebrew
נֵהָ,ねは,Hebrew
נָה,な,Hebrew
נָהֵ,なへ,Hebrew
נָהָ,なは,Hebrew
נֵהֵה,ねへ,Hebrew
נֵהָה,ねは,Hebrew
נָהֵה,なへ,Hebrew
נָהָה,なは,Hebrew
נֵהוֹ,ねほ,Hebrew
נָהוֹ,なほ,Hebrew
נֵהיָ,ねひゃ,Hebrew
נֵהִי,ねひ,Hebrew
נָהיָ,なひゃ,Hebrew
נָהִי,なひ,Hebrew
נֵהיָה,ねひゃ,Hebrew
נָהיָה,なひゃ,Hebrew
נֵהיוֹ,ねひょ,Hebrew
נֵהיוּ,ねひゅ,Hebrew
נָהיוֹ,なひょ,Hebrew
נָהיוּ,なひゅ,Hebrew
נוֹ,の,Hebrew
נוּ,ぬ,Hebrew
ניָ,にゃ,Hebrew
נְיָ,んや,Hebrew
נִי,に,Hebrew
ניָה,にゃ,Hebrew
ניָהֵ,にゃへ,Hebrew
ניָהָ,にゃは,Hebrew
נְיָה,んや,Hebrew
ניָהֵה,にゃへ,Hebrew
ניָהָה,にゃは,Hebrew
ניָהוֹ,にゃほ,Hebrew
ניָהיָ,にゃひゃ,Hebrew
ניָהִי,にゃひ,Hebrew
ניָהיָה,にゃひゃ,Hebrew
ניָהיוֹ,にゃひょ,Hebrew
ניָהיוּ,にゃひゅ,Hebrew
ניוֹ,にょ,Hebrew
ניוּ,にゅ,Hebrew
נְיוֹ,んよ,Hebrew
נְיוּ,んゆ,Hebrew
סֵ,せ,Hebrew
סָ,さ,Hebrew
סֵה,せ,Hebrew
סֵהֵ,せへ,Hebrew
סֵהָ,せは,Hebrew
סָה,さ,Hebrew
סָהֵ,さへ,Hebrew
סָהָ,さは,Hebrew
סֵהֵה,せへ,Hebrew
סֵהָה,せは,Hebrew
סָהֵה,さへ,Hebrew
סָהָה,さは,Hebrew
סֵהוֹ,せほ,Hebrew
סָהוֹ,さほ,Hebrew
סֵהיָ,せひゃ,Hebrew
סֵהִי,せひ,Hebrew
סָהיָ,さひゃ,Hebrew
סָהִי,さひ,Hebrew
סֵהיָה,せひゃ,Hebrew
סָהיָה,さひゃ,Hebrew
סֵהיוֹ,せひょ,Hebrew
סֵהיוּ,せひゅ,Hebrew
סָהיוֹ,さひょ,Hebrew
סָהיוּ,さひゅ,Hebrew
סוֹ,そ,Hebrew
סוּ,す,Hebrew
פֵּ,ぺ,Hebrew
פָּ,ぱ,Hebrew
פֵּה,ぺ,Hebrew
פֵּהֵ,ぺへ,Hebrew
פֵּהָ,ぺは,Hebrew
פָּה,ぱ,Hebrew
פָּהֵ,ぱへ,Hebrew
פָּהָ,ぱは,Hebrew
פֵּהֵה,ぺへ,Hebrew
פֵּהָה,ぺは,Hebrew
פָּהֵה,ぱへ,Hebrew
פָּהָה,ぱは,Hebrew
פֵּהוֹ,ぺほ,Hebrew
פָּהוֹ,ぱほ,Hebrew
פֵּהיָ,ぺひゃ,Hebrew
פֵּהִי,ぺひ,Hebrew
פָּהיָ,ぱひゃ,Hebrew
פָּהִי,ぱひ,Hebrew
פֵּהיָה,ぺひゃ,Hebrew
פָּהיָה,ぱひゃ,Hebrew
פֵּהיוֹ,ぺひょ,Hebrew
פֵּהיוּ,ぺひゅ,Hebrew
פָּהיוֹ,ぱひょ,Hebrew
פָּהיוּ,ぱひゅ,Hebrew
פוּ,ふ,Hebrew
פּוֹ,ぽ,Hebrew
פּוּ,ぷ,Hebrew
פּיָ,ぴゃ,Hebrew
פִּי,ぴ,Hebrew
פּיָה,ぴゃ,Hebrew
פּיָהֵ,ぴゃへ,Hebrew
פּיָהָ,ぴゃは,Hebrew
פּיָהֵה,ぴゃへ,Hebrew
פּיָהָה,ぴゃは,Hebrew
פּיָהוֹ,ぴゃほ,Hebrew
פּיָהיָ,ぴゃひゃ,Hebrew
פּיָהִי,ぴゃひ,Hebrew
פּיָהיָה,ぴゃひゃ,Hebrew
פּיָהיוֹ,ぴゃひょ,Hebrew
פּיָהיוּ,ぴゃひゅ,Hebrew
פּיוֹ,ぴょ,Hebrew
פּיוּ,ぴゅ,Hebrew
צ׳ָ,ちゃ,Hebrew
צ׳ָה,ちゃ,Hebrew
צ׳ָהֵ,ちゃへ,Hebrew
צ׳ָהָ,ちゃは,Hebrew
צ׳ָהֵה,ちゃへ,Hebrew
צ׳ָהָה,ちゃは,Hebrew
צ׳ָהוֹ,ちゃほ,Hebrew
צ׳ָהיָ,ちゃひゃ,Hebrew
צ׳ָהִי,ちゃひ,Hebrew
צ׳ָהיָה,ちゃひゃ,Hebrew
צ׳ָהיוֹ,ちゃひょ,Hebrew
צ׳ָהיוּ,ちゃひゅ,Hebrew
צ׳וֹ,ちょ,Hebrew
צ׳וּ,ちゅ,Hebrew
צ׳ִי,ち,Hebrew
צוּ,つ,Hebrew
קֵ,け,Hebrew
קָ,か,Hebrew
קֵה,け,Hebrew
קֵהֵ,けへ,Hebrew
קֵהָ,けは,Hebrew
קָה,か,Hebrew
קָהֵ,かへ,Hebrew
קָהָ,かは,Hebrew
קֵהֵה,けへ,Hebrew
קֵהָה,けは,Hebrew
קָהֵה,かへ,Hebrew
קָהָה,かは,Hebrew
קֵהוֹ,けほ,Hebrew
קָהוֹ,かほ,Hebrew
קֵהיָ,けひゃ,Hebrew
קֵהִי,けひ,Hebrew
קָהיָ,かひゃ,Hebrew
קָהִי,かひ,Hebrew
קֵהיָה,けひゃ,Hebrew
קָהיָה,かひゃ,Hebrew
קֵהיוֹ,けひょ,Hebrew
קֵהיוּ,けひゅ,Hebrew
קָהיוֹ,かひょ,Hebrew
קָהיוּ,かひゅ,Hebrew
קוֹ,こ,Hebrew
קוּ,く,Hebrew
קיָ,きゃ,Hebrew
קִי,き,Hebrew
קיָה,きゃ,Hebrew
קיָהֵ,きゃへ,Hebrew
קיָהָ,きゃは,Hebrew
קיָהֵה,きゃへ,Hebrew
קיָהָה,きゃは,Hebrew
קיָהוֹ,きゃほ,Hebrew
קיָהיָ,きゃひゃ,Hebrew
קיָהִי,きゃひ,Hebrew
קיָהיָה,きゃひゃ,Hebrew
קיָהיוֹ,きゃひょ,Hebrew
קיָהיוּ,きゃひゅ,Hebrew
קיוֹ,きょ,Hebrew
קיוּ,きゅ,Hebrew
רֵ,れ,Hebrew
רָ,ら,Hebrew
רֵה,れ,Hebrew
רֵהֵ,れへ,Hebrew
רֵהָ,れは,Hebrew
רָה,ら,Hebrew
רָהֵ,らへ,Hebrew
רָהָ,らは,Hebrew
רֵהֵה,れへ,Hebrew
רֵהָה,れは,Hebrew
רָהֵה,らへ,Hebrew
רָהָה,らは,Hebrew
רֵהוֹ,れほ,Hebrew
רָהוֹ,らほ,Hebrew
רֵהיָ,れひゃ,Hebrew
רֵהִי,れひ,Hebrew
רָהיָ,らひゃ,Hebrew
רָהִי,らひ,Hebrew
רֵהיָה,れひゃ,Hebrew
רָהיָה,らひゃ,Hebrew
רֵהיוֹ,れひょ,Hebrew
רֵהיוּ,れひゅ,Hebrew
רָהיוֹ,らひょ,Hebrew
רָהיוּ,らひゅ,Hebrew
רוֹ,ろ,Hebrew
רוּ,る,Hebrew
ריָ,りゃ,Hebrew
רִי,り,Hebrew
ריָה,りゃ,Hebrew
ריָהֵ,りゃへ,Hebrew
ריָהָ,りゃは,Hebrew
ריָהֵה,りゃへ,Hebrew
ריָהָה,りゃは,Hebrew
ריָהוֹ,りゃほ,Hebrew
ריָהיָ,りゃひゃ,Hebrew
ריָהִי,りゃひ,Hebrew
ריָהיָה,りゃひゃ,Hebrew
ריָהיוֹ,りゃひょ,Hebrew
ריָהיוּ,りゃひゅ,Hebrew
ריוֹ,りょ,Hebrew
ריוּ,りゅ,Hebrew
שָ,しゃ,Hebrew
שָה,しゃ,Hebrew
שָהֵ,しゃへ,Hebrew
שָהָ,しゃは,Hebrew
שָהֵה,しゃへ,Hebrew
שָהָה,しゃは,Hebrew
שָהוֹ,しゃほ,Hebrew
שָהיָ,しゃひゃ,Hebrew
שָהִי,しゃひ,Hebrew
שָהיָה,しゃひゃ,Hebrew
שָהיוֹ,しゃひょ,Hebrew
שָהיוּ,しゃひゅ,Hebrew
שוֹ,しょ,Hebrew
שוּ,しゅ,Hebrew
שִי,し,Hebrew
أ,あ,Arabic
أو,ウ,Arabic
أوا,あわ,Arabic
إي,イ,Arabic
با,ば,Arabic
بّا,っぱ,Arabic
بو,ブ,Arabic
بّو,っプ,Arabic
بي,ビ,Arabic
بّي,っビ,Arabic
بيا,ビゃ,Arabic
بّيا,っぴゃ,Arabic
بيو,ビゅ,Arabic
بّيو,っビゅ,Arabic
بيوا,びわ,Arabic
تا,た,Arabic
تّا,った,Arabic
تسو,つ,Arabic
تّسو,っつ,Arabic
تشا,ちゃ,Arabic
ﺗّﺸﺎ,っちゃ,Arabic
تشو,ちゅ,Arabic
ﺗّﺸﻮ,っチゅ,Arabic
تشي,ち,Arabic
ﺗّﺸﻲ,っち,Arabic
تو,と,Arabic
تّو,っど,Arabic
تي,て,Arabic
تّي,って,Arabic
جا,じゃ,Arabic
جو,じゅ,Arabic
جي,じ,Arabic
دا,だ,Arabic
دو,ど,Arabic
دي,で,Arabic
را,ら,Arabic
رو,る,Arabic
ري,リ,Arabic
ريا,りゃ,Arabic
ريو,リゅ,Arabic
ريوا,りわ,Arabic
زا,ざ,Arabic
زو,ズ,Arabic
زي,ぜ,Arabic
سا,さ,Arabic
سّا,っさ,Arabic
سو,ス,Arabic
سّو,っス,Arabic
سي,せ,Arabic
سّي,っせ,Arabic
شا,しゃ,Arabic
شّا,っしゃ,Arabic
ﺸﺗا,ちゃ,Arabic
ﺸﺗو,チゅ,Arabic
ﺸﺗي,ち,Arabic
شتي,つ,Arabic
شو,シゅ,Arabic
شّو,っシゅ,Arabic
شي,し,Arabic
شّي,っし,Arabic
غا,が,Arabic
غو,グ,Arabic
غي,ギ,Arabic
غيا,ぎゃ,Arabic
غيو,ギゅ,Arabic
غيوا,ぎわ,Arabic
فو,ふ,Arabic
كا,か,Arabic
كّا,っか,Arabic
كو,ク,Arabic
كّو,っク,Arabic
كي,キ,Arabic
كّي,っキ,Arabic
كيا,きゃ,Arabic
كّيا,っきゃ,Arabic
كيو,キゅ,Arabic
كّيو,っキゅ,Arabic
كيوا,きわ,Arabic
ما,ま,Arabic
مو,ム,Arabic
مي,ミ,Arabic
ميا,みゃ,Arabic
ميو,ミゅ,Arabic
ميوا,みわ,Arabic
ن,ん,Arabic
ن أ,んあ,Arabic
ن أو,んう,Arabic
ن إي,んい,Arabic
ن يا,んや,Arabic
ن يو,んユ,Arabic
نا,な,Arabic
نو,ヌ,Arabic
ني,ニ,Arabic
نيا,にゃ,Arabic
نيو,ニゅ,Arabic
نيوا,にわ,Arabic
ها,は,Arabic
هو,フ,Arabic
هي,ヒ,Arabic
هيا,ひゃ,Arabic
هيو,ヒゅ,Arabic
هيوا,ひわ,Arabic
وا,わ,Arabic
يا,や,Arabic
يو,ユ,Arabic
अ,あ,Hindi
इ,い,Hindi
ई,いい,Hindi
उ,う,Hindi
ए,え,Hindi
ओ,お,Hindi
का,か,Hindi
कि,き,Hindi
की,きい,Hindi
कु,く,Hindi
के,け,Hindi
को,こ,Hindi
क्का,っか,Hindi
क्कि,っき,Hindi
क्की,っきい,Hindi
क्कु,っく,Hindi
क्के,っけ,Hindi
क्को,っこ,Hindi
क्क्या,っきゃ,Hindi
क्क्यु,っきゅ,Hindi
क्क्यो,っきょ,Hindi
क्या,きゃ,Hindi
क्यु,きゅ,Hindi
क्यो,きょ,Hindi
गा,が,Hindi
गि,ぎ,Hindi
गी,ぎい,Hindi
गु,ぐ,Hindi
गे,げ,Hindi
गो,ご,Hindi
ग्या,ぎゃ,Hindi
ग्यु,ぎゅ,Hindi
ग्यो,ぎょ,Hindi
चा,ちゃ,Hindi
चि,ち,Hindi
ची,ちい,Hindi
चु,ちゅ,Hindi
चो,ちょ,Hindi
च्चा,っちゃ,Hindi
च्चि,っち,Hindi
च्ची,っちい,Hindi
च्चु,っちゅ,Hindi
च्चो,っちょ,Hindi
जा,じゃ,Hindi
ज़ा,ざ,Hindi
जि,じ,Hindi
जी,じい,Hindi
जु,じゅ,Hindi
ज़ु,ず,Hindi
ज़े,ぜ,Hindi
जो,じょ,Hindi
ज़ो,ぞ,Hindi
ता,た,Hindi
ते,て,Hindi
तो,と,Hindi
त्ता,った,Hindi
त्ते,って,Hindi
त्तो,っと,Hindi
त्सु,つ,Hindi
दा,だ,Hindi
दे,で,Hindi
दो,ど,Hindi
न,ん,Hindi
न अ,んあ,Hindi
न इ,んい,Hindi
न उ,んう,Hindi
न ए,んえ,Hindi
न ओ,んお,Hindi
न या,んや,Hindi
न यु,んゆ,Hindi
न यो,んよ,Hindi
ना,な,Hindi
नि,に,Hindi
नी,にい,Hindi
नु,ぬ,Hindi
ने,ね,Hindi
नो,の,Hindi
न्का,んか,Hindi
न्कि,んき,Hindi
न्की,んきい,Hindi
न्कु,んく,Hindi
न्के,んけ,Hindi
न्को,んこ,Hindi
न्क्या,んきゃ,Hindi
न्क्यु,んきゅ,Hindi
न्क्यो,んきょ,Hindi
न्गा,んが,Hindi
न्गि,んぎ,Hindi
न्गी,んぎい,Hindi
न्गु,んぐ,Hindi
न्गे,んげ,Hindi
न्गो,んご,Hindi
न्ग्या,んぎゃ,Hindi
न्ग्यु,んぎゅ,Hindi
न्ग्यो,んぎょ,Hindi
न्चा,んちゃ,Hindi
न्चि,んち,Hindi
न्ची,んちい,Hindi
न्चु,んちゅ,Hindi
न्चो,んちょ,Hindi
न्जा,んざ,Hindi
न्जि,んじ,Hindi
न्जी,んじい,Hindi
न्जु,んじゅ,Hindi
न्जे,んぜ,Hindi
न्जो,んじょ,Hindi
न्ज्ञा,んっさ,Hindi
न्ज्ञि,んひ,Hindi
न्ज्ञी,んひい,Hindi
न्ज्ञु,んっす,Hindi
न्ज्ञे,んっせ,Hindi
न्ज्ञो,んっそ,Hindi
न्ज्ञ्या,んひゃ,Hindi
न्ज्ञ्यु,んひゅ,Hindi
न्ज्ञ्यो,んひょ,Hindi
न्ता,んた,Hindi
न्तु,んつ,Hindi
न्ते,んって,Hindi
न्तो,んっと,Hindi
न्दा,んだ,Hindi
न्दे,んで,Hindi
न्दो,んど,Hindi
न्ना,んな,Hindi
न्नि,んに,Hindi
न्नी,んにい,Hindi
न्नु,んぬ,Hindi
न्ने,んね,Hindi
न्नो,んの,Hindi
न्न्या,んにゃ,Hindi
न्न्यु,んにゅ,Hindi
न्न्यो,んにょ,Hindi
न्पा,んっぱ,Hindi
न्पि,んっぴ,Hindi
न्पी,んっぴい,Hindi
न्पु,んっぷ,Hindi
न्पे,んっぺ,Hindi
न्पो,んっぽ,Hindi
न्प्या,んっぴゃ,Hindi
न्प्यु,んっぴゅ,Hindi
न्प्यो,んっぴょ,Hindi
न्फु,んふ,Hindi
न्बा,んば,Hindi
न्बि,んび,Hindi
न्बी,んびい,Hindi
न्बु,んぶ,Hindi
न्बे,んべ,Hindi
न्बो,んぼ,Hindi
न्ब्या,んびゃ,Hindi
न्ब्यु,んびゅ,Hindi
न्ब्यो,んびょ,Hindi
न्मा,んま,Hindi
न्मि,んみ,Hindi
न्मी,んみい,Hindi
न्मु,んむ,Hindi
न्मे,んめ,Hindi
न्मो,んも,Hindi
न्म्या,んみゃ,Hindi
न्म्यु,んみゅ,Hindi
न्म्यो,んみょ,Hindi
न्या,にゃ,Hindi
न्यु,にゅ,Hindi
न्यो,にょ,Hindi
न्रा,んら,Hindi
न्रि,んり,Hindi
न्री,んりい,Hindi
न्रु,んる,Hindi
न्रे,んれ,Hindi
न्रो,んろ,Hindi
न्र्या,んりゃ,Hindi
न्र्यु,んりゅ,Hindi
न्र्यो,んりょ,Hindi
न्वा,んわ,Hindi
न्शा,んしゃ,Hindi
न्शि,んし,Hindi
न्शी,んしい,Hindi
न्शु,んしゅ,Hindi
न्शो,んしょ,Hindi
न्सा,んさ,Hindi
न्सु,んす,Hindi
न्से,んせ,Hindi
न्सो,んそ,Hindi
पा,ぱ,Hindi
पि,ぴ,Hindi
पी,ぴい,Hindi
पु,ぷ,Hindi
पे,ぺ,Hindi
पो,ぽ,Hindi
प्पा,っぱ,Hindi
प्पि,っぴ,Hindi
प्पी,っぴい,Hindi
प्पु,っぷ,Hindi
प्पे,っぺ,Hindi
प्पो,っぽ,Hindi
प्प्या,っぴゃ,Hindi
प्प्यु,っぴゅ,Hindi
प्प्यो,っぴょ,Hindi
प्या,ぴゃ,Hindi
प्यु,ぴゅ,Hindi
प्यो,ぴょ,Hindi
फ़ु,ふ,Hindi
बा,ば,Hindi
बि,び,Hindi
बी,びい,Hindi
बु,ぶ,Hindi
बे,べ,Hindi
बो,ぼ,Hindi
ब्या,びゃ,Hindi
ब्यु,びゅ,Hindi
ब्यो,びょ,Hindi
मा,ま,Hindi
मि,み,Hindi
मी,みい,Hindi
मु,む,Hindi
मे,め,Hindi
मो,も,Hindi
म्या,みゃ,Hindi
म्यु,みゅ,Hindi
म्यो,みょ,Hindi
या,や,Hindi
यु,ゆ,Hindi
यो,よ,Hindi
रा,ら,Hindi
रि,り,Hindi
री,りい,Hindi
रु,る,Hindi
रे,れ,Hindi
रो,ろ,Hindi
र्​या,りゃ,Hindi
र्​यु,りゅ,Hindi
र्​यो,りょ,Hindi
वा,わ,Hindi
शा,しゃ,Hindi
शि,し,Hindi
शी,しい,Hindi
शु,しゅ,Hindi
शो,しょ,Hindi
श्शा,っしゃ,Hindi
श्शि,っし,Hindi
श्शी,っしい,Hindi
श्शु,っしゅ,Hindi
श्शो,っしょ,Hindi
सा,さ,Hindi
सु,す,Hindi
से,せ,Hindi
सो,そ,Hindi
स्सा,っさ,Hindi
स्सु,っす,Hindi
स्से,っせ,Hindi
स्सो,っそ,Hindi
हा,は,Hindi
हि,ひ,Hindi
ही,ひい,Hindi
हे,へ,Hindi
हो,ほ,Hindi
ह्या,ひゃ,Hindi
ह्यु,ひゅ,Hindi
ह्यो,ひょ,Hindi
ा,っ,Hindi
ஆ,あ,Tamil
ஈ,い,Tamil
ஊ,う,Tamil
ஏ,え,Tamil
ஓ,お,Tamil
கா,か,Tamil
கீ,き,Tamil
கீயா,きゃ,Tamil
கீயூ,きゅ,Tamil
கீயோ,きょ,Tamil
கூ,く,Tamil
கே,け,Tamil
கோ,こ,Tamil
சா,ちゃ,Tamil
சீ,ち,Tamil
சூ,ちゅ,Tamil
சூ,つ,Tamil
சோ,ちょ,Tamil
ஞா,にゃ,Tamil
ஞீ,にゅ,Tamil
ஞோ,にょ,Tamil
தா,た,Tamil
தே,て,Tamil
தோ,と,Tamil
ந்,ん,Tamil
நா,な,Tamil
நீ,に,Tamil
நூ,ぬ,Tamil
நே,ね,Tamil
நோ,の,Tamil
பா,ば,Tamil
பீ,び,Tamil
பீயா,びゃ,Tamil
பீயூ,びゅ,Tamil
பீயோ,びょ,Tamil
பூ,ぶ,Tamil
பே,べ,Tamil
போ,ぼ,Tamil
மா,ま,Tamil
மீ,み,Tamil
மீயா,みゃ,Tamil
மீயூ,みゅ,Tamil
மீயோ,みょ,Tamil
மூ,む,Tamil
மே,め,Tamil
மோ,も,Tamil
யா,や,Tamil
யூ,ゆ,Tamil
யோ,よ,Tamil
ரா,ら,Tamil
ரீ,り,Tamil
ரீயா,りゃ,Tamil
ரீயூ,りゅ,Tamil
ரீயோ,りょ,Tamil
ரூ,る,Tamil
ரே,れ,Tamil
ரோ,ろ,Tamil
வா,わ,Tamil
ஜா,ざ,Tamil
ஜீ,じ,Tamil
ஜூ,じゅ,Tamil
ஜே,ぜ,Tamil
ஜோ,じょ,Tamil
ஸா,さ,Tamil
ஸூ,す,Tamil
ஸே,せ,Tamil
ஸோ,そ,Tamil
ஷா,しゃ,Tamil
ஷீ,し,Tamil
ஷூ,しゅ,Tamil
ஷோ,しょ,Tamil
ஹா,は,Tamil
ஹீ,ひ,Tamil
ஹீயா,ひゃ,Tamil
ஹீயூ,ひゅ,Tamil
ஹீயோ,ひょ,Tamil
ஹூ,ふ,Tamil
ஹே,へ,Tamil
ஹோ,ほ,Tamil
ආ,あ,Sinhalese
ආං,あん,Sinhalese
ඊ,い,Sinhalese
ඊං,いん,Sinhalese
ඌ,う,Sinhalese
ඌං,うん,Sinhalese
ඒ,え,Sinhalese
ඒං,えん,Sinhalese
ඕ,お,Sinhalese
ඕං,おん,Sinhalese
ක්කා,っか,Sinhalese
ක්කාං,っかん,Sinhalese
ක්කී,っき,Sinhalese
ක්කීං,っきん,Sinhalese
ක්කීආ,っきゃ,Sinhalese
ක්කීආං,っきゃん,Sinhalese
ක්කීඌ,っきゅ,Sinhalese
ක්කීඌං,っきゅん,Sinhalese
ක්කීඕ,っきょ,Sinhalese
ක්කීඕං,っきょん,Sinhalese
ක්කූ,っく,Sinhalese
ක්කූං,っくん,Sinhalese
ක්කේ,っけ,Sinhalese
ක්කේං,っけん,Sinhalese
ක්කෝ,っこ,Sinhalese
ක්කෝං,っこん,Sinhalese
කා,か,Sinhalese
කාං,かん,Sinhalese
කී,き,Sinhalese
කීං,きん,Sinhalese
කීආ,きゃ,Sinhalese
කීආං,きゃん,Sinhalese
කීඌ,きゅ,Sinhalese
කීඌං,きゅん,Sinhalese
කීඕ,きょ,Sinhalese
කීඕං,きょん,Sinhalese
කූ,く,Sinhalese
කූං,くん,Sinhalese
කේ,け,Sinhalese
කේං,けん,Sinhalese
කෝ,こ,Sinhalese
කෝං,こん,Sinhalese
ගා,が,Sinhalese
ගාං,がん,Sinhalese
ගී,ぎ,Sinhalese
ගීං,ぎん,Sinhalese
ගීආ,ぎゃ,Sinhalese
ගීආං,ぎゃん,Sinhalese
ගීඌ,ぎゅ,Sinhalese
ගීඌං,ぎゅん,Sinhalese
ගීඕ,ぎょ,Sinhalese
ගීඕං,ぎょん,Sinhalese
ගූ,ぐ,Sinhalese
ගූං,ぐん,Sinhalese
ගේ,げ,Sinhalese
ගේං,げん,Sinhalese
ගෝ,ご,Sinhalese
ගෝං,ごん,Sinhalese
ච්චා,っちゃ,Sinhalese
ච්චාං,っちゃん,Sinhalese
ච්චී,っち,Sinhalese
ච්චීං,っちん,Sinhalese
ච්චීආං,っちゃん,Sinhalese
ච්චීඌං,っちゅん,Sinhalese
ච්චීඕං,っちょん,Sinhalese
ච්චූ,っちゅ,Sinhalese
ච්චූං,っちゅん,Sinhalese
ච්චෝ,っちょ,Sinhalese
ච්චෝං,っちょん,Sinhalese
චා,ちゃ,Sinhalese
චාං,ちゃん,Sinhalese
චී,ち,Sinhalese
චීං,ちん,Sinhalese
චීආං,ちゃん,Sinhalese
චීඌං,ちゅん,Sinhalese
චීඕං,ちょん,Sinhalese
චූ,ちゅ,Sinhalese
චූං,ちゅん,Sinhalese
චෝ,ちょ,Sinhalese
චෝං,ちょん,Sinhalese
ජ්චූ,っつ,Sinhalese
ජ්චූං,っつん,Sinhalese
ජා,ざ,Sinhalese
ජාං,ざん,Sinhalese
ජී,じ,Sinhalese
ජීං,じん,Sinhalese
ජීආං,じゃん,Sinhalese
ජීඌං,じゅん,Sinhalese
ජීඕං,じょん,Sinhalese
ජූ,じゅ,Sinhalese
ජූං,じゅん,Sinhalese
ජේ,ぜ,Sinhalese
ජේං,ぜん,Sinhalese
ජෝ,じょ,Sinhalese
ජෝං,じょん,Sinhalese
ට්ටා,った,Sinhalese
ට්ටාං,ったん,Sinhalese
ට්ටේ,って,Sinhalese
ට්ටේං,ってん,Sinhalese
ට්ටෝ,っと,Sinhalese
ට්ටෝං,っとん,Sinhalese
ටා,た,Sinhalese
ටාං,たん,Sinhalese
ටේ,て,Sinhalese
ටේං,てん,Sinhalese
ටෝ,と,Sinhalese
ටෝං,とん,Sinhalese
ඩා,だ,Sinhalese
ඩාං,だん,Sinhalese
ඩේ,で,Sinhalese
ඩේං,でん,Sinhalese
ඩෝ,ど,Sinhalese
ඩෝං,どん,Sinhalese
නා,な,Sinhalese
නාං,なん,Sinhalese
නී,に,Sinhalese
නීං,にん,Sinhalese
නීආ,にゃ,Sinhalese
නීආං,にゃん,Sinhalese
නීඌ,にゅ,Sinhalese
නීඌං,にゅん,Sinhalese
නීඕ,にょ,Sinhalese
නීඕං,にょん,Sinhalese
නූ,ぬ,Sinhalese
නූං,ぬん,Sinhalese
නේ,ね,Sinhalese
නේං,ねん,Sinhalese
නෝ,の,Sinhalese
නෝං,のん,Sinhalese
ප්පා,っぱ,Sinhalese
ප්පාං,っぱん,Sinhalese
ප්පී,っぴ,Sinhalese
ප්පීං,っぴん,Sinhalese
ප්පීආ,っぴゃ,Sinhalese
ප්පීආං,っぴゃん,Sinhalese
ප්පීඌ,っぴゅ,Sinhalese
ප්පීඌං,っぴゅん,Sinhalese
ප්පීඕ,っぴょ,Sinhalese
ප්පීඕං,っぴょん,Sinhalese
ප්පූ,っぷ,Sinhalese
ප්පූං,っぷん,Sinhalese
ප්පේ,っぺ,Sinhalese
ප්පේං,っぺん,Sinhalese
ප්පෝ,っぽ,Sinhalese
ප්පෝං,っぽん,Sinhalese
පා,ぱ,Sinhalese
පාං,ぱん,Sinhalese
පී,ぴ,Sinhalese
පීං,ぴん,Sinhalese
පීආ,ぴゃ,Sinhalese
පීආං,ぴゃん,Sinhalese
පීඌ,ぴゅ,Sinhalese
පීඌං,ぴゅん,Sinhalese
පීඕ,ぴょ,Sinhalese
පීඕං,ぴょん,Sinhalese
පූ,ぷ,Sinhalese
පූං,ぷん,Sinhalese
පේ,ぺ,Sinhalese
පේං,ぺん,Sinhalese
පෝ,ぽ,Sinhalese
පෝං,ぽん,Sinhalese
බා,ば,Sinhalese
බාං,ばん,Sinhalese
බී,び,Sinhalese
බීං,びん,Sinhalese
බීආ,びゃ,Sinhalese
බීආං,びゃん,Sinhalese
බීඌ,びゅ,Sinhalese
බීඌං,びゅん,Sinhalese
බීඕ,びょ,Sinhalese
බීඕං,びょん,Sinhalese
බූ,ぶ,Sinhalese
බූං,ぶん,Sinhalese
බේ,べ,Sinhalese
බේං,べん,Sinhalese
බෝ,ぼ,Sinhalese
බෝං,ぼん,Sinhalese
මා,ま,Sinhalese
මාං,まん,Sinhalese
මී,み,Sinhalese
මීං,みん,Sinhalese
මීආ,みゃ,Sinhalese
මීආං,みゃん,Sinhalese
මීඌ,みゅ,Sinhalese
මීඌං,みゅん,Sinhalese
මීඕ,みょ,Sinhalese
මීඕං,みょん,Sinhalese
මූ,む,Sinhalese
මූං,むん,Sinhalese
මේ,め,Sinhalese
මේං,めん,Sinhalese
මෝ,も,Sinhalese
මෝං,もん,Sinhalese
යා,や,Sinhalese
යාං,やん,Sinhalese
යූ,ゆ,Sinhalese
යූං,ゆん,Sinhalese
යෝ,よ,Sinhalese
යෝං,よん,Sinhalese
රා,ら,Sinhalese
රාං,らん,Sinhalese
රී,り,Sinhalese
රීං,りん,Sinhalese
රීආ,りゃ,Sinhalese
රීආං,りゃん,Sinhalese
රීඌ,りゅ,Sinhalese
රීඌං,りゅん,Sinhalese
රීඕ,りょ,Sinhalese
රීඕං,りょん,Sinhalese
රූ,る,Sinhalese
රූං,るん,Sinhalese
රේ,れ,Sinhalese
රේං,れん,Sinhalese
රෝ,ろ,Sinhalese
රෝං,ろん,Sinhalese
වා,わ,Sinhalese
වාං,わん,Sinhalese
ෂ්ෂා,っしゃ,Sinhalese
ෂ්ෂාං,っしゃん,Sinhalese
ෂ්ෂී,っし,Sinhalese
ෂ්ෂීං,っしん,Sinhalese
ෂ්ෂීආං,っしゃん,Sinhalese
ෂ්ෂීඌං,っしゅん,Sinhalese
ෂ්ෂීඕං,っしょん,Sinhalese
ෂ්ෂූ,っしゅ,Sinhalese
ෂ්ෂූං,っしゅん,Sinhalese
ෂ්ෂෝ,っしょ,Sinhalese
ෂ්ෂෝං,っしょん,Sinhalese
ෂා,しゃ,Sinhalese
ෂාං,しゃん,Sinhalese
ෂී,し,Sinhalese
ෂීං,しん,Sinhalese
ෂීආං,しゃん,Sinhalese
ෂීඌං,しゅん,Sinhalese
ෂීඕං,しょん,Sinhalese
ෂූ,しゅ,Sinhalese
ෂූං,しゅん,Sinhalese
ෂෝ,しょ,Sinhalese
ෂෝං,しょん,Sinhalese
ස්සා,っさ,Sinhalese
ස්සාං,っさん,Sinhalese
ස්සූ,っす,Sinhalese
ස්සූං,っすん,Sinhalese
ස්සේ,っせ,Sinhalese
ස්සේං,っせん,Sinhalese
ස්සෝ,っそ,Sinhalese
ස්සෝං,っそん,Sinhalese
සා,さ,Sinhalese
සාං,さん,Sinhalese
සූ,す,Sinhalese
සූං,すん,Sinhalese
සේ,せ,Sinhalese
සේං,せん,Sinhalese
සෝ,そ,Sinhalese
සෝං,そん,Sinhalese
හා,は,Sinhalese
හාං,はん,Sinhalese
හී,ひ,Sinhalese
හීං,ひん,Sinhalese
හීආ,ひゃ,Sinhalese
හීආං,ひゃん,Sinhalese
හීඌ,ひゅ,Sinhalese
හීඌං,ひゅん,Sinhalese
හීඕ,ひょ,Sinhalese
හීඕං,ひょん,Sinhalese
හූ,ふ,Sinhalese
හූං,ふん,Sinhalese
හේ,へ,Sinhalese
හේං,へん,Sinhalese
හෝ,ほ,Sinhalese
හෝං,ほん,Sinhalese
เก,げ,Thai
เก็,げ,Thai
เกะ,げ,Thai
เกีย,ぎゃ,Thai
เกียว,ぎょ,Thai
เค,け,Thai
เค็,け,Thai
เคะ,け,Thai
เคีย,きゃ,Thai
เคียว,きょ,Thai
เซ,せ,Thai
เซ็,せ,Thai
เซะ,せ,Thai
เซีย,しゃ,Thai
เซียว,しょ,Thai
เด,で,Thai
เด็,で,Thai
เดะ,で,Thai
เต,て,Thai
เต็,て,Thai
เตะ,て,Thai
เน,ね,Thai
เน็,ね,Thai
เนะ,ね,Thai
เนีย,にゃ,Thai
เนียว,にょ,Thai
เบ,べ,Thai
เบ็,べ,Thai
เบะ,べ,Thai
เบีย,びゃ,Thai
เบียว,びょ,Thai
เป,ぺ,Thai
เป็,ぺ,Thai
เปะ,ぺ,Thai
เปีย,ぴゃ,Thai
เปียว,ぴょ,Thai
เม,め,Thai
เม็,め,Thai
เมะ,め,Thai
เมีย,みゃ,Thai
เมียว,みょ,Thai
เร,れ,Thai
เร็,れ,Thai
เระ,れ,Thai
เรีย,りゃ,Thai
เรียว,りょ,Thai
เอ,え,Thai
เอ็,え,Thai
เอะ,え,Thai
เฮ,へ,Thai
เฮ็,へ,Thai
เฮะ,へ,Thai
เฮีย,ひゃ,Thai
เฮียว,ひょ,Thai
โก,ご,Thai
โกะ,ご,Thai
โค,こ,Thai
โคะ,こ,Thai
โจ,じょ,Thai
โจะ,じょ,Thai
โช,チょ,Thai
โชะ,ちょ,Thai
โซ,チょ,Thai
โซะ,ソ,Thai
โด,ど,Thai
โดะ,ど,Thai
โต,と,Thai
โตะ,と,Thai
โน,の,Thai
โนะ,の,Thai
โบ,ぼ,Thai
โบะ,ぼ,Thai
โป,ぽ,Thai
โปะ,ぽ,Thai
โม,も,Thai
โมะ,も,Thai
โย,よ,Thai
โยะ,よ,Thai
โร,ろ,Thai
โระ,ろ,Thai
โอ,お,Thai
โอะ,お,Thai
โฮ,ほ,Thai
โฮะ,ほ,Thai
ไก,がい,Thai
ไค,かい,Thai
ไซ,サい,Thai
ได,だい,Thai
ไต,たい,Thai
ไน,ない,Thai
ไบ,ばい,Thai
ไป,ぱい,Thai
ไม,まい,Thai
ไย,やい,Thai
ไร,らい,Thai
ไว,わい,Thai
ไอ,あい,Thai
ไฮ,はい,Thai
กเค,っけ,Thai
กเค็,っけ,Thai
กเคะ,っけ,Thai
กเคีย,っきゃ,Thai
กเคียว,っきょ,Thai
กโค,っこ,Thai
กโคะ,っこ,Thai
กไค,っかい,Thai
กคะ,っか,Thai
กคั,っか,Thai
กคา,っか,Thai
กคิ,っき,Thai
กคิว,っきゅ,Thai
กคุ,っく,Thai
กะ,が,Thai
กั,が,Thai
กา,が,Thai
กิ,ぎ,Thai
กิว,ぎゅ,Thai
กุ,ぐ,Thai
คะ,か,Thai
คั,か,Thai
คา,か,Thai
คิ,き,Thai
คิว,きゅ,Thai
คุ,く,Thai
จะ,じゃ,Thai
จั,じゃ,Thai
จา,じゃ,Thai
จิ,じ,Thai
จุ,じゅ,Thai
ชะ,チゃ,Thai
ชั,チゃ,Thai
ชา,チゃ,Thai
ชิ,チ,Thai
ชุ,チゅ,Thai
ซะ,サ,Thai
ซั,サ,Thai
ซา,サ,Thai
ซิ,チ,Thai
ซิว,しゅ,Thai
ซุ,チゅ,Thai
ดเซ,っせ,Thai
ดเซ็,っせ,Thai
ดเซะ,っせ,Thai
ดเซีย,っしゃ,Thai
ดเซียว,っしょ,Thai
ดเต,って,Thai
ดเต็,って,Thai
ดเตะ,って,Thai
ดโช,っちょ,Thai
ดโชะ,っちょ,Thai
ดโซ,っソ,Thai
ดโซะ,っソ,Thai
ดโต,っと,Thai
ดโตะ,っと,Thai
ดไซ,っサい,Thai
ดไต,ったい,Thai
ดชะ,っチゃ,Thai
ดชั,っチゃ,Thai
ดชา,っチゃ,Thai
ดชิ,っち,Thai
ดชุ,っちゅ,Thai
ดซะ,っサ,Thai
ดซั,っサ,Thai
ดซา,っサ,Thai
ดซิ,っし,Thai
ดซิว,っしゅ,Thai
ดซุ,っチゅ,Thai
ดตะ,った,Thai
ดตั,った,Thai
ดตา,った,Thai
ดะ,だ,Thai
ดั,だ,Thai
ดา,だ,Thai
ตะ,た,Thai
ตั,た,Thai
ตา,た,Thai
น,ん,Thai
น-เอ,んえ,Thai
น-เอ็,んえ,Thai
น-เอะ,んえ,Thai
น-โย,んよ,Thai
น-โยะ,んよ,Thai
น-โอ,んお,Thai
น-โอะ,んお,Thai
น-ยะ,んや,Thai
น-ยั,んや,Thai
น-ยา,んや,Thai
น-ยุ,んゆ,Thai
น-อะ,んあ,Thai
น-อั,んあ,Thai
น-อา,んあ,Thai
น-อิ,んい,Thai
น-อุ,んう,Thai
นะ,な,Thai
นั,な,Thai
นา,な,Thai
นิ,に,Thai
นิว,にゅ,Thai
นุ,ぬ,Thai
บเป,っぺ,Thai
บเป็,っぺ,Thai
บเปะ,っぺ,Thai
บเปีย,っぴゃ,Thai
บเปียว,っぴょ,Thai
บโป,っぽ,Thai
บโปะ,っぽ,Thai
บไป,っぱい,Thai
บปะ,っぱ,Thai
บปั,っぱ,Thai
บปา,っぱ,Thai
บปิ,っぴ,Thai
บปิว,っぴゅ,Thai
บปุ,っぷ,Thai
บะ,ば,Thai
บั,ば,Thai
บา,ば,Thai
บิ,び,Thai
บิว,びゅ,Thai
บุ,ぶ,Thai
ปะ,ぱ,Thai
ปั,ぱ,Thai
ปา,ぱ,Thai
ปิ,ぴ,Thai
ปิว,ぴゅ,Thai
ปุ,ぷ,Thai
มะ,ま,Thai
มั,ま,Thai
มา,ま,Thai
มิ,み,Thai
มิว,みゅ,Thai
มุ,む,Thai
ยะ,や,Thai
ยั,や,Thai
ยา,や,Thai
ยุ,ゆ,Thai
ระ,ら,Thai
รั,ら,Thai
รา,ら,Thai
ริ,り,Thai
ริว,りゅ,Thai
รุ,る,Thai
วะ,わ,Thai
วั,わ,Thai
วา,わ,Thai
อะ,あ,Thai
อั,あ,Thai
อา,あ,Thai
อิ,い,Thai
อุ,う,Thai
ฮะ,は,Thai
ฮั,は,Thai
ฮา,は,Thai
ฮิ,ひ,Thai
ฮิว,ひゅ,Thai
ฮุ,ふ,Thai
ཁ་,か,Tibet
ཁི་,き,Tibet
ཁིཡཱ་,きゃ,Tibet
ཁིཡུ་,きゅ,Tibet
ཁིཡོ་,きょ,Tibet
ཁུ་,く,Tibet
ཁེ་,け,Tibet
ཁོ་,こ,Tibet
ང,ん,Tibet
ང ཡ་,んや,Tibet
ང ཡུ་,んゆ,Tibet
ང ཡོ་,んよ,Tibet
ང ཨ་,んあ,Tibet
ང ཨི་,んい,Tibet
ང ཨེ་,んえ,Tibet
ང ཨོ་,んお,Tibet
ཆ་,ちゃ,Tibet
ཆི་,ち,Tibet
ཆུ་,ちゅ,Tibet
ཆོ་,ちょ,Tibet
ཉ་,にゃ,Tibet
ཉི་,に,Tibet
ཉུ་,にゅ,Tibet
ཉོ་,にょ,Tibet
ཐ་,た,Tibet
ཐཱ་,た,Tibet
ཐེ་,て,Tibet
ཐོ་,と,Tibet
ན་,な,Tibet
ནུ་,ぬ,Tibet
ནེ་,ね,Tibet
ནོ་,の,Tibet
མ་,ま,Tibet
མི་,み,Tibet
མིཡཱ་,みゃ,Tibet
མིཡུ་,みゅ,Tibet
མིཡོ་,みょ,Tibet
མུ་,む,Tibet
མེ་,め,Tibet
མོ་,も,Tibet
ཙུ་,つ,Tibet
ཝ་,わ,Tibet
ཡ་,や,Tibet
ཡུ་,ゆ,Tibet
ཡོ་,よ,Tibet
ར་,ら,Tibet
རི་,り,Tibet
རིཡཱ་,りゃ,Tibet
རིཡུ་,りゅ,Tibet
རིཡོ་,りょ,Tibet
རུ་,る,Tibet
རེ་,れ,Tibet
རོ་,ろ,Tibet
རྒ་,が,Tibet
རྒི་,ぎ,Tibet
རྒིཡཱ་,ぎゃ,Tibet
རྒིཡུ་,ぎゅ,Tibet
རྒིཡོ་,ぎょ,Tibet
རྒུ་,ぐ,Tibet
རྒེ་,げ,Tibet
རྒོ་,ご,Tibet
རྗ་,じゃ,Tibet
རྗི་,じ,Tibet
རྗུ་,じゅ,Tibet
རྗོ་,じょ,Tibet
རྡ་,だ,Tibet
རྡཱ་,だ,Tibet
རྡེ་,で,Tibet
རྡོ་,ど,Tibet
རྦ་,ば,Tibet
རྦི་,び,Tibet
རྦིཡཱ་,びゃ,Tibet
རྦིཡུ་,びゅ,Tibet
རྦིཡོ་,びょ,Tibet
རྦུ་,ぶ,Tibet
རྦེ་,べ,Tibet
རྦོ་,ぼ,Tibet
རྫ་,ざ,Tibet
རྫུ་,ず,Tibet
རྫེ་,ぜ,Tibet
རྫོ་,ぞ,Tibet
ཤ་,しゃ,Tibet
ཤི་,し,Tibet
ཤུ་,しゅ,Tibet
ཤོ་,しょ,Tibet
ས་,さ,Tibet
སུ་,す,Tibet
སེ་,せ,Tibet
སོ་,そ,Tibet
ཧ་,は,Tibet
ཧི་,ひ,Tibet
ཧིཡཱ་,ひゃ,Tibet
ཧིཡུ་,ひゅ,Tibet
ཧིཡོ་,ひょ,Tibet
ཧུ་,ふ,Tibet
ཧེ་,へ,Tibet
ཧོ་,ほ,Tibet
ཨ་,あ,Tibet
ཨི་,い,Tibet
ཨུ་,う,Tibet
ཨེ་,え,Tibet
ཨོ་,お,Tibet
កា,か,Khmer
កិ,け,Khmer
កុ,こ,Khmer
ក្យា,きゃ,Khmer
ក្យឹ,きゅ,Khmer
ក្យុ,きょ,Khmer
គិ,き,Khmer
គឹ,く,Khmer
ង្យ៉ា,ぎゃ,Khmer
ង្យ៉ុ,ぎょ,Khmer
ង្យឹ,ぎゅ,Khmer
ចា,ちゃ,Khmer
ចុ,ちょ,Khmer
ជិ,ち,Khmer
ជឹ,ちゅ,Khmer
ញ៉ា,にゃ,Khmer
ញ៉ុ,にょ,Khmer
ញឹ,にゅ,Khmer
ដា,だ,Khmer
ដិ,で,Khmer
ដុ,ど,Khmer
ណា,な,Khmer
ណិ,ね,Khmer
ណុ,の,Khmer
តា,た,Khmer
តិ,て,Khmer
តុ,と,Khmer
ន,ん,Khmer
និ,に,Khmer
នឹ,ぬ,Khmer
ប៊ិ,び,Khmer
ប៊ឹ,ぶ,Khmer
បា,ば,Khmer
បិ,べ,Khmer
បុ,ぼ,Khmer
ប្យា,びゃ,Khmer
ប្យឹុ,びゅ,Khmer
ប្យុ,びょ,Khmer
ផា,ぱ,Khmer
ផិ,ぺ,Khmer
ផុ,ぽ,Khmer
ព្យ៉ា,ぴゃ,Khmer
ព្យ៉ុ,ぴょ,Khmer
ព្យឹ,ぴゅ,Khmer
ម៉ា,ま,Khmer
ម៉ុ,も,Khmer
មិ,み,Khmer
មិុ,め,Khmer
មឹ,む,Khmer
ម្យ៉ា,みゃ,Khmer
ម្យ៉ុ,みょ,Khmer
ម្យឹ,みゅ,Khmer
យ៉ា,や,Khmer
យ៉ុ,よ,Khmer
យឹ,ゆ,Khmer
រ៉ា,ら,Khmer
រ៉ុ,ろ,Khmer
រិ,り,Khmer
រិុ,れ,Khmer
រឹ,る,Khmer
រ្យ៉ា,りゃ,Khmer
រ្យ៉ុ,りょ,Khmer
រ្យឹ,りゅ,Khmer
វ៉ា,わ,Khmer
សា,さ,Khmer
សិ,せ,Khmer
សិុ,し,Khmer
សឹ,す,Khmer
សុ,そ,Khmer
ស្យា,しゃ,Khmer
ស្យឹុ,しゅ,Khmer
ស្យុ,しょ,Khmer
ហា,は,Khmer
ហិ,へ,Khmer
ហិុ,ひ,Khmer
ហុ,ほ,Khmer
ហ្កា,が,Khmer
ហ្កិ,げ,Khmer
ហ្កុ,ご,Khmer
ហ្គិ,ぎ,Khmer
ហ្គឹ,ぐ,Khmer
ហ្ចា,じゃ,Khmer
ហ្ចឹុ,じゅ,Khmer
ហ្ចុ,じょ,Khmer
ហ្យា,ひゃ,Khmer
ហ្យឹ,ひゅ,Khmer
ហ្យុ,ひょ,Khmer
ហ្វឹុ,ふ,Khmer
ហ្សា,ざ,Khmer
ហ្សិ,ぜ,Khmer
ហ្សិុ,じ,Khmer
ហ្សឹុ,ず,Khmer
ហ្សុ,ぞ,Khmer
ឡឹ,つ,Khmer
អា,あ,Khmer
អិ,え,Khmer
អិុ,い,Khmer
អឹ,う,Khmer
អុ,お,Khmer
ሃ,は,Amharic
ሂ,ひ,Amharic
ሂዩ,ひゅ,Amharic
ሂያ,ひゃ,Amharic
ሂዮ,ひょ,Amharic
ሄ,へ,Amharic
ሆ,ほ,Amharic
ሙ,む,Amharic
ሚ,み,Amharic
ሚዩ,みゅ,Amharic
ሚያ,みゃ,Amharic
ሚዮ,みょ,Amharic
ማ,ま,Amharic
ሜ,め,Amharic
ሞ,も,Amharic
ሡ,す,Amharic
ሣ,さ,Amharic
ሤ,せ,Amharic
ሦ,そ,Amharic
ሩ,る,Amharic
ሪ,り,Amharic
ሪዩ,りゅ,Amharic
ሪያ,りゃ,Amharic
ሪዮ,りょ,Amharic
ራ,ら,Amharic
ሬ,れ,Amharic
ሮ,ろ,Amharic
ሹ,しゅ,Amharic
ሺ,し,Amharic
ሻ,しゃ,Amharic
ሾ,しょ,Amharic
ቡ,ぶ,Amharic
ቢ,び,Amharic
ቢዩ,びゅ,Amharic
ቢያ,びゃ,Amharic
ቢዮ,びょ,Amharic
ባ,ば,Amharic
ቤ,べ,Amharic
ቦ,ぼ,Amharic
ታ,た,Amharic
ቴ,て,Amharic
ቶ,と,Amharic
ቹ,ちゅ,Amharic
ቺ,ち,Amharic
ቻ,ちゃ,Amharic
ቾ,ちょ,Amharic
ኑ,ぬ,Amharic
ኒ,に,Amharic
ና,な,Amharic
ኔ,ね,Amharic
ን,ん,Amharic
ን ኢ,んい,Amharic
ን ኣ,んあ,Amharic
ን ኤ,んえ,Amharic
ን ኦ,んお,Amharic
ን ዩ,んゆ,Amharic
ን ያ,んや,Amharic
ን ዮ,んよ,Amharic
ኖ,の,Amharic
ኙ,にゅ,Amharic
ኛ,にゃ,Amharic
ኞ,にょ,Amharic
ኡ,う,Amharic
ኢ,い,Amharic
ኣ,あ,Amharic
ኤ,え,Amharic
ኦ,お,Amharic
ኩ,く,Amharic
ኪ,き,Amharic
ኪዩ,きゅ,Amharic
ኪያ,きゃ,Amharic
ኪዮ,きょ,Amharic
ካ,か,Amharic
ኬ,け,Amharic
ኮ,こ,Amharic
ዋ,わ,Amharic
ዙ,ず,Amharic
ዛ,ざ,Amharic
ዜ,ぜ,Amharic
ዞ,ぞ,Amharic
ዡ,じゅ,Amharic
ዢ,じ,Amharic
ዣ,じゃ,Amharic
ዦ,じょ,Amharic
ዩ,ゆ,Amharic
ያ,や,Amharic
ዮ,よ,Amharic
ዳ,だ,Amharic
ዴ,で,Amharic
ዶ,ど,Amharic
ጉ,ぐ,Amharic
ጊ,ぎ,Amharic
ጊዩ,ぎゅ,Amharic
ጊያ,ぎゃ,Amharic
ጊዮ,ぎょ,Amharic
ጋ,が,Amharic
ጌ,げ,Amharic
ጎ,ご,Amharic
ፁ,つ,Amharic
ፉ,ふ,Amharic
ፑ,ぷ,Amharic
ፒ,ぴ,Amharic
ፒዩ,ぴゅ,Amharic
ፒያ,ぴゃ,Amharic
ፒዮ,ぴょ,Amharic
ፓ,ぱ,Amharic
ፔ,ぺ,Amharic
ፖ,ぽ,Amharic
가,が,Korean
간,がん,Korean
갓,がっ,Korean
강,がん,Korean
갸,ぎゃ,Korean
갼,ぎゃん,Korean
걋,ぎゃっ,Korean
걍,ぎゃん,Korean
게,げ,Korean
겐,げん,Korean
겟,げっ,Korean
겡,げん,Korean
고,ご,Korean
곤,ごん,Korean
곳,ごっ,Korean
공,ごん,Korean
교,ぎょ,Korean
굔,ぎょん,Korean
굣,ぎょっ,Korean
굥,ぎょん,Korean
구,ぐ,Korean
군,ぐん,Korean
굿,ぐっ,Korean
궁,ぐん,Korean
규,ぎゅ,Korean
균,ぎゅん,Korean
귯,ぎゅっ,Korean
귱,ぎゅん,Korean
기,ぎ,Korean
긴,ぎん,Korean
깃,ぎっ,Korean
깅,ぎん,Korean
나,な,Korean
난,なん,Korean
낫,なっ,Korean
낭,なん,Korean
냐,にゃ,Korean
냔,にゃん,Korean
냣,にゃっ,Korean
냥,にゃん,Korean
네,ね,Korean
넨,ねん,Korean
넷,ねっ,Korean
넹,ねん,Korean
노,の,Korean
논,のん,Korean
놋,のっ,Korean
농,のん,Korean
뇨,にょ,Korean
뇬,にょん,Korean
뇻,にょっ,Korean
뇽,にょん,Korean
누,ぬ,Korean
눈,ぬん,Korean
눗,ぬっ,Korean
눙,ぬん,Korean
뉴,にゅ,Korean
뉸,にゅん,Korean
늇,にゅっ,Korean
늉,にゅん,Korean
니,に,Korean
닌,にん,Korean
닛,にっ,Korean
닝,にん,Korean
다,だ,Korean
단,だん,Korean
닷,だっ,Korean
당,だん,Korean
데,で,Korean
덴,でん,Korean
뎃,でっ,Korean
뎅,でん,Korean
도,ど,Korean
돈,どん,Korean
돗,どっ,Korean
동,どん,Korean
라,ら,Korean
란,らん,Korean
랏,らっ,Korean
랑,らん,Korean
랴,りゃ,Korean
랸,りゃん,Korean
럇,りゃっ,Korean
량,りゃん,Korean
레,れ,Korean
렌,れん,Korean
렛,れっ,Korean
렝,れん,Korean
로,ろ,Korean
론,ろん,Korean
롯,ろっ,Korean
롱,ろん,Korean
료,りょ,Korean
룐,りょん,Korean
룟,りょっ,Korean
룡,りょん,Korean
루,る,Korean
룬,るん,Korean
룻,るっ,Korean
룽,るん,Korean
류,りゅ,Korean
륜,りゅん,Korean
륫,りゅっ,Korean
륭,りゅん,Korean
리,り,Korean
린,りん,Korean
릿,りっ,Korean
링,りん,Korean
마,ま,Korean
만,まん,Korean
맛,まっ,Korean
망,まん,Korean
먀,みゃ,Korean
먄,みゃん,Korean
먓,みゃっ,Korean
먕,みゃん,Korean
메,め,Korean
멘,めん,Korean
멧,めっ,Korean
멩,めん,Korean
모,も,Korean
몬,もん,Korean
못,もっ,Korean
몽,もん,Korean
묘,みょ,Korean
묜,みょん,Korean
묫,みょっ,Korean
묭,みょん,Korean
무,む,Korean
문,むん,Korean
뭇,むっ,Korean
뭉,むん,Korean
뮤,みゅ,Korean
뮨,みゅん,Korean
뮷,みゅっ,Korean
뮹,みゅん,Korean
미,み,Korean
민,みん,Korean
밋,みっ,Korean
밍,みん,Korean
바,ば,Korean
반,ばん,Korean
밧,ばっ,Korean
방,ばん,Korean
뱌,びゃ,Korean
뱐,びゃん,Korean
뱟,びゃっ,Korean
뱡,びゃん,Korean
베,べ,Korean
벤,べん,Korean
벳,べっ,Korean
벵,べん,Korean
보,ぼ,Korean
본,ぼん,Korean
봇,ぼっ,Korean
봉,ぼん,Korean
뵤,びょ,Korean
뵨,びょん,Korean
뵷,びょっ,Korean
뵹,びょん,Korean
부,ぶ,Korean
분,ぶん,Korean
붓,ぶっ,Korean
붕,ぶん,Korean
뷰,びゅ,Korean
뷴,びゅん,Korean
븃,びゅっ,Korean
븅,びゅん,Korean
비,び,Korean
빈,びん,Korean
빗,びっ,Korean
빙,びん,Korean
사,さ,Korean
산,さん,Korean
삿,さっ,Korean
상,さん,Korean
샤,しゃ,Korean
샷,しゃっ,Korean
세,せ,Korean
센,せん,Korean
셋,せっ,Korean
셍,せん,Korean
소,そ,Korean
손,そん,Korean
솟,そっ,Korean
송,そん,Korean
쇼,しょ,Korean
숀,しょん,Korean
숏,しょっ,Korean
숑,しょん,Korean
숫,すっ,Korean
슈,しゅ,Korean
슌,しゅん,Korean
슛,しゅっ,Korean
슝,しゅん,Korean
스,す,Korean
슨,すん,Korean
승,すん,Korean
시,し,Korean
신,しん,Korean
싯,しっ,Korean
싱,しん,Korean
아,あ,Korean
안,あん,Korean
앗,あっ,Korean
앙,あん,Korean
야,や,Korean
얀,やん,Korean
얏,やっ,Korean
양,やん,Korean
에,え,Korean
엔,えん,Korean
엣,えっ,Korean
엥,えん,Korean
오,お,Korean
온,おん,Korean
옷,おっ,Korean
옹,おん,Korean
와,わ,Korean
완,わん,Korean
왓,わっ,Korean
왕,わん,Korean
요,よ,Korean
욘,よん,Korean
욧,よっ,Korean
용,よん,Korean
우,う,Korean
운,うん,Korean
웃,うっ,Korean
웅,うん,Korean
유,ゆ,Korean
윤,ゆん,Korean
윳,ゆっ,Korean
융,ゆん,Korean
이,い,Korean
인,いん,Korean
잇,いっ,Korean
잉,いん,Korean
자,じゃ,Korean
잔,じゃん,Korean
잣,じゃっ,Korean
장,じゃん,Korean
제,ぜ,Korean
젠,ぜん,Korean
젯,ぜっ,Korean
젱,ぜん,Korean
조,じょ,Korean
존,じょん,Korean
좃,じょっ,Korean
종,じょん,Korean
주,じゅ,Korean
준,じゅん,Korean
줏,じゅっ,Korean
중,じゅん,Korean
즈,ず,Korean
즌,ずん,Korean
증,ずん,Korean
지,じ,Korean
진,じん,Korean
짓,じっ,Korean
징,じん,Korean
차,ちゃ,Korean
찬,ちゃん,Korean
찻,ちゃっ,Korean
창,ちゃん,Korean
초,ちょ,Korean
촌,ちょん,Korean
촛,ちょっ,Korean
총,ちょん,Korean
춧,ちゅっ,Korean
츠,ちゅ,Korean
츤,ちゅん,Korean
층,ちゅん,Korean
치,ち,Korean
친,ちん,Korean
칫,ちっ,Korean
칭,ちん,Korean
카,か,Korean
칸,かん,Korean
캇,かっ,Korean
캉,かん,Korean
캬,きゃ,Korean
캰,きゃん,Korean
캿,きゃっ,Korean
컁,きゃん,Korean
케,け,Korean
켄,けん,Korean
켓,けっ,Korean
켕,けん,Korean
코,こ,Korean
콘,こん,Korean
콧,こっ,Korean
콩,こん,Korean
쿄,きょ,Korean
쿈,きょん,Korean
쿗,きょっ,Korean
쿙,きょん,Korean
쿠,く,Korean
쿤,くん,Korean
쿳,くっ,Korean
쿵,くん,Korean
큐,きゅ,Korean
큔,きゅん,Korean
큣,きゅっ,Korean
큥,きゅん,Korean
키,き,Korean
킨,きん,Korean
킷,きっ,Korean
킹,きん,Korean
타,た,Korean
탄,たん,Korean
탓,たっ,Korean
탕,たん,Korean
테,て,Korean
텐,てん,Korean
텟,てっ,Korean
텡,てん,Korean
토,と,Korean
톤,とん,Korean
톳,とっ,Korean
통,とん,Korean
파,ぱ,Korean
판,ぱん,Korean
팟,ぱっ,Korean
팡,ぱん,Korean
퍄,ぴゃ,Korean
퍗,ぴゃっ,Korean
페,ぺ,Korean
펜,ぺん,Korean
펫,ぺっ,Korean
펭,ぺん,Korean
포,ぽ,Korean
폰,ぽん,Korean
폿,ぽっ,Korean
퐁,ぽん,Korean
표,ぴょ,Korean
푠,ぴょん,Korean
푯,ぴょっ,Korean
푱,ぴょん,Korean
푸,ぷ,Korean
푼,ぷん,Korean
풋,ぷっ,Korean
풍,ぷん,Korean
퓨,ぴゅ,Korean
퓻,ぴゅっ,Korean
피,ぴ,Korean
핀,ぴん,Korean
핏,ぴっ,Korean
핑,ぴん,Korean
하,は,Korean
한,はん,Korean
핫,はっ,Korean
항,はん,Korean
햐,ひゃ,Korean
햔,ひゃん,Korean
햣,ひゃっ,Korean
향,ひゃん,Korean
헤,へ,Korean
헨,へん,Korean
헷,へっ,Korean
헹,へん,Korean
호,ほ,Korean
혼,ほん,Korean
홋,ほっ,Korean
홍,ほん,Korean
효,ひょ,Korean
횬,ひょん,Korean
횻,ひょっ,Korean
횽,ひょん,Korean
후,ふ,Korean
훈,ふん,Korean
훗,ふっ,Korean
훙,ふん,Korean
휴,ひゅ,Korean
휸,ひゅん,Korean
흇,ひゅっ,Korean
흉,ひゅん,Korean
히,ひ,Korean
힌,ひん,Korean
힛,ひっ,Korean
힝,ひん,Korean