あ,α,α
い,ι,ι
う,ου,ου
え,ε,ε
お,ο,ο
ああ,αα,αα
いい,ιι,ιι
うう,ουου,ουου
ええ,εε,εε
おう,οο,οο
おお,οο,οο
えい,ει,ει
か,κα,κα
き,κι,κι
く,κου,κου
け,κε,κε
こ,κο,κο
きゃ,κια,κια
きゅ,κιου,κιου
きょ,κιο,κιο
かあ,καα,καα
きい,κιι,κιι
くう,κουου,κουου
けえ,κεε,κεε
こう,κοο,κοο
こお,κοο,κοο
きゃあ,κια’α,κια’α
きゅう,κιου’ου,κιου’ου
きょう,κιο’ο,κιο’ο
きょお,κιο’ο,κιο’ο
けい,κει,κει
が,γκα,γκα
ぎ,γκι,γκι
ぐ,γκου,γκου
げ,γκε,γκε
ご,γκο,γκο
ぎゃ,γκια,γκια
ぎゅ,γκιου,γκιου
ぎょ,γκιο,γκιο
があ,γκαα,γκαα
ぎい,γκιι,γκιι
ぐう,γκουου,γκουου
げえ,γκεε,γκεε
ごう,γκοο,γκοο
ごお,γκοο,γκοο
ぎゃあ,γκια’α,γκια’α
ぎゅう,γκιου’ου,γκιου’ου
ぎょう,γκιο’ο,γκιο’ο
ぎょお,γκιο’ο,γκιο’ο
げい,γκει,γκει
さ,σα,σα
すぃ,σι,σι
す,σου,σου
せ,σε,σε
そ,σο,σο
さあ,σαα,σαα
すぃい,σιι,σιι
すう,σουου,σουου
せえ,σεε,σεε
そう,σοο,σοο
そお,σοο,σοο
せい,σει,σει
しゃ,σια,σια
し,σιι,σιι
しゅ,σιου,σιου
しぇ,σιε,σιε
しょ,σιο,σιο
しゃあ,σιαα,σιαα
しい,σιιι,σιιι
しゅう,σιουου,σιουου
しぇえ,σιεε,σιεε
しょう,σιοο,σιοο
しょお,σιοο,σιοο
しぇい,σιει,σιει
ざ,ζα,ζα
ずぃ,ζι,ζι
ず,ζου,ζου
ぜ,ζε,ζε
ぞ,ζο,ζο
ざあ,ζαα,ζαα
ずぃい,ζιι,ζιι
ずう,ζουου,ζουου
ぜえ,ζεε,ζεε
ぞう,ζοο,ζοο
ぞお,ζοο,ζοο
ぜい,ζει,ζει
じゃ,ζια,ζια
じ,ζιι,ζιι
じゅ,ζιου,ζιου
じぇ,ζιε,ζιε
じょ,ζιο,ζιο
じゃあ,ζιαα,ζιαα
じい,ζιιι,ζιιι
じゅう,ζιουου,ζιουου
じぇえ,ζιεε,ζιεε
じょう,ζιοο,ζιοο
じょお,ζιοο,ζιοο
じぇい,ζιει,ζιει
た,τα,τα
てぃ,τι,τι
とぅ,του,του
て,τε,τε
と,το,το
たあ,ταα,ταα
てぃい,τιι,τιι
とぅう,τουου,τουου
てえ,τεε,τεε
とう,τοο,τοο
とお,τοο,τοο
てい,τει,τει
ちゃ,τια,τια
ち,τιι,τιι
ちゅ,τιου,τιου
ちぇ,τιε,τιε
ちょ,τιο,τιο
ちゃあ,τιαα,τιαα
ちい,τιιι,τιιι
ちゅう,τιουου,τιουου
ちぇえ,τιεε,τιεε
ちょう,τιοο,τιοο
ちょお,τιοο,τιοο
ちぇい,τιει,τιει
つぁ,τσα,τσα
つぃ,τσι,τσι
つ,τσου,τσου
つぇ,τσε,τσε
つぉ,τσο,τσο
つぁあ,τσαα,τσαα
つぃい,τσιι,τσιι
つう,τσουου,τσουου
つぇえ,τσεε,τσεε
つぉう,τσοο,τσοο
つぉお,τσοο,τσοο
つぇい,τσει,τσει
だ,ντα,ντα
でぃ,ντι,ντι
どぅ,ντου,ντου
で,ντε,ντε
ど,ντο,ντο
だあ,νταα,νταα
でぃい,ντιι,ντιι
どぅう,ντουου,ντουου
でえ,ντεε,ντεε
どう,ντοο,ντοο
どお,ντοο,ντοο
でい,ντει,ντει
ぢゃ,ζια,ζια
ぢ,ζιι,ζιι
ぢゅ,ζιου,ζιου
ぢぇ,ζιε,ζιε
ぢょ,ζιο,ζιο
ぢゃあ,ζιαα,ζιαα
ぢい,ζιιι,ζιιι
ぢゅう,ζιουου,ζιουου
ぢぇえ,ζιεε,ζιεε
ぢょう,ζιοο,ζιοο
ぢょお,ζιοο,ζιοο
ぢぇい,ζιει,ζιει
づ,ζου,ζου
づう,ζουου,ζουου
な,να,να
に,νι,νι
ぬ,νου,νου
ね,νε,νε
の,νο,νο
にゃ,νια,νια
にゅ,νιου,νιου
にょ,νιο,νιο
なあ,ναα,ναα
にい,νιι,νιι
ぬう,νουου,νουου
ねえ,νεε,νεε
のう,νοο,νοο
のお,νοο,νοο
にゃあ,νια’α,νια’α
にゅう,νιου’ου,νιου’ου
にょう,νιο’ο,νιο’ο
にょお,νιο’ο,νιο’ο
ねい,νει,νει
は,χα,χα
ひ,χι,χι
へ,χε,χε
ほ,χο,χο
ひゃ,χια,χια
ひゅ,χιου,χιου
ひょ,χιο,χιο
はあ,χαα,χαα
ひい,χιι,χιι
へえ,χεε,χεε
ほう,χοο,χοο
ほお,χοο,χοο
ひゃあ,χια’α,χια’α
ひゅう,χιου’ου,χιου’ου
ひょう,χιο’ο,χιο’ο
ひょお,χιο’ο,χιο’ο
へい,χει,χει
ふぁ,φα,φα
ふぃ,φι,φι
ふ,φου,φου
ふぇ,φε,φε
ふぉ,φο,φο
ふぁあ,φαα,φαα
ふぃい,φιι,φιι
ふう,φουου,φουου
ふぇえ,φεε,φεε
ふぉう,φοο,φοο
ふぉお,φοο,φοο
ふぇい,φει,φει
ば,μπα,μπα
び,μπι,μπι
ぶ,μπου,μπου
べ,μπε,μπε
ぼ,μπο,μπο
びゃ,μπια,μπια
びゅ,μπιου,μπιου
びょ,μπιο,μπιο
ばあ,μπαα,μπαα
びい,μπιι,μπιι
ぶう,μπουου,μπουου
べえ,μπεε,μπεε
ぼう,μποο,μποο
ぼお,μποο,μποο
びゃあ,μπια’α,μπια’α
びゅう,μπιου’ου,μπιου’ου
びょう,μπιο’ο,μπιο’ο
びょお,μπιο’ο,μπιο’ο
べい,μπει,μπει
ぱ,πα,πα
ぴ,πι,πι
ぷ,που,που
ぺ,πε,πε
ぽ,πο,πο
ぴゃ,πια,πια
ぴゅ,πιου,πιου
ぴょ,πιο,πιο
ぱあ,παα,παα
ぴい,πιι,πιι
ぷう,πουου,πουου
ぺえ,πεε,πεε
ぽう,ποο,ποο
ぽお,ποο,ποο
ぴゃあ,πια’α,πια’α
ぴゅう,πιου’ου,πιου’ου
ぴょう,πιο’ο,πιο’ο
ぴょお,πιο’ο,πιο’ο
ぺい,πει,πει
ま,μα,μα
み,μι,μι
む,μου,μου
め,με,με
も,μο,μο
みゃ,μια,μια
みゅ,μιου,μιου
みょ,μιο,μιο
まあ,μαα,μαα
みい,μιι,μιι
むう,μουου,μουου
めえ,μεε,μεε
もう,μοο,μοο
もお,μοο,μοο
みゃあ,μια’α,μια’α
みゅう,μιου’ου,μιου’ου
みょう,μιο’ο,μιο’ο
みょお,μιο’ο,μιο’ο
めい,μει,μει
や,ια,ια
ゆ,ιου,ιου
よ,ιο,ιο
やあ,ιαα,ιαα
ゆう,ιουου,ιουου
よう,ιοο,ιοο
よお,ιοο,ιοο
ら,ρα,ρα
り,ρι,ρι
る,ρου,ρου
れ,ρε,ρε
ろ,ρο,ρο
りゃ,ρια,ρια
りゅ,ριου,ριου
りょ,ριο,ριο
らあ,ραα,ραα
りい,ριι,ριι
るう,ρουου,ρουου
れえ,ρεε,ρεε
ろう,ροο,ροο
ろお,ροο,ροο
りゃあ,ρια’α,ρια’α
りゅう,ριου’ου,ριου’ου
りょう,ριο’ο,ριο’ο
りょお,ριο’ο,ριο’ο
れい,ρει,ρει
わ,βα,βα
うぃ,βι,βι
うぇ,βε,βε
うぉ,βο,βο
わあ,βαα,βαα
うぃい,βιι,βιι
うぇえ,βεε,βεε
うぉう,βοο,βοο
うぉお,βοο,βοο
うぇい,βει,βει
ん,ν,ν
を,ο,ο
っ,,
んあ,ν’α,ν’α
んい,ν’ι,ν’ι
んう,ν’ου,ν’ου
んえ,ν’ε,ν’ε
んお,ν’ο,ν’ο
んや,ν’ια,ν’ια
んゆ,ν’ιου,ν’ιου
んよ,ν’ιο,ν’ιο
んああ,ν’αα,ν’αα
んいい,ν’ιι,ν’ιι
んうう,ν’ουου,ν’ουου
んええ,ν’εε,ν’εε
んおう,ν’οο,ν’οο
んおお,ν’οο,ν’οο
んやあ,ν’ια’α,ν’ια’α
んゆう,ν’ιου’ου,ν’ιου’ου
んよう,ν’ιο’ο,ν’ιο’ο
んよお,ν’ιο’ο,ν’ιο’ο
んえい,ν’ει,ν’ει
っか,κκα,κκα
っき,κκι,κκι
っく,κκου,κκου
っけ,κκε,κκε
っこ,κκο,κκο
っきゃ,κκια,κκια
っきゅ,κκιου,κκιου
っきょ,κκιο,κκιο
っかあ,κκαα,κκαα
っきい,κκιι,κκιι
っくう,κκουου,κκουου
っけえ,κκεε,κκεε
っこう,κκοο,κκοο
っこお,κκοο,κκοο
っきゃあ,κκια’α,κκια’α
っきゅう,κκιου’ου,κκιου’ου
っきょう,κκιο’ο,κκιο’ο
っきょお,κκιο’ο,κκιο’ο
っけい,κκει,κκει
っさ,σσα,σσα
っすぃ,σσι,σσι
っす,σσου,σσου
っせ,σσε,σσε
っそ,σσο,σσο
っさあ,σσαα,σσαα
っすぃい,σσιι,σσιι
っすう,σσουου,σσουου
っせえ,σσεε,σσεε
っそう,σσοο,σσοο
っそお,σσοο,σσοο
っせい,σσει,σσει
っしゃ,σσια,σσια
っし,σσιι,σσιι
っしゅ,σσιου,σσιου
っしぇ,σσιε,σσιε
っしょ,σσιο,σσιο
っしゃあ,σσιαα,σσιαα
っしい,σσιιι,σσιιι
っしゅう,σσιουου,σσιουου
っしぇえ,σσιεε,σσιεε
っしょう,σσιοο,σσιοο
っしょお,σσιοο,σσιοο
っしぇい,σσιει,σσιει
った,ττα,ττα
ってぃ,ττι,ττι
っとぅ,ττου,ττου
って,ττε,ττε
っと,ττο,ττο
ったあ,τταα,τταα
ってぃい,ττιι,ττιι
っとぅう,ττουου,ττουου
ってえ,ττεε,ττεε
っとう,ττοο,ττοο
っとお,ττοο,ττοο
ってい,ττει,ττει
っちゃ,ττια,ττια
っち,ττιι,ττιι
っちゅ,ττιου,ττιου
っちぇ,ττιε,ττιε
っちょ,ττιο,ττιο
っちゃあ,ττιαα,ττιαα
っちい,ττιιι,ττιιι
っちゅう,ττιουου,ττιουου
っちぇえ,ττιεε,ττιεε
っちょう,ττιοο,ττιοο
っちょお,ττιοο,ττιοο
っちぇい,ττιει,ττιει
っつぁ,ζζα,ζζα
っつぃ,ζζι,ζζι
っつ,ζζου,ζζου
っつぇ,ζζε,ζζε
っつぉ,ζζο,ζζο
っつぁあ,ζζαα,ζζαα
っつぃい,ζζιι,ζζιι
っつう,ζζουου,ζζουου
っつぇえ,ζζεε,ζζεε
っつぉう,ζζοο,ζζοο
っつぉお,ζζοο,ζζοο
っつぇい,ζζει,ζζει
っぱ,ππα,ππα
っぴ,ππι,ππι
っぷ,ππου,ππου
っぺ,ππε,ππε
っぽ,ππο,ππο
っぴゃ,ππια,ππια
っぴゅ,ππιου,ππιου
っぴょ,ππιο,ππιο
っぱあ,ππαα,ππαα
っぴい,ππιι,ππιι
っぷう,ππουου,ππουου
っぺえ,ππεε,ππεε
っぽう,πποο,πποο
っぽお,πποο,πποο
っぴゃあ,ππια’α,ππια’α
っぴゅう,ππιου’ου,ππιου’ου
っぴょう,ππιο’ο,ππιο’ο
っぴょお,ππιο’ο,ππιο’ο
っぺい,ππει,ππει
ぁ,α,α
ぃ,ι,ι
ぅ,ου,ου
ぇ,ε,ε
ぉ,ο,ο
ゃ,ια,ια
ゅ,ιου,ιου
ょ,ιο,ιο
ぁあ,αα,αα
ぃい,ιι,ιι
ぅう,ουου,ουου
ぇえ,εε,εε
ぉう,οο,οο
ぉお,οο,οο
ゃあ,ια’α,ια’α
ゅう,ιου’ου,ιου’ου
ょう,ιο’ο,ιο’ο
ょお,ιο’ο,ιο’ο
ぇい,ει,ει
ゔぁ,βα,βα
ゔぃ,βι,βι
ゔ,βου,βου
ゔぇ,βε,βε
ゔぉ,βο,βο
ゔぁあ,βαα,βαα
ゔぃい,βιι,βιι
ゔう,βουου,βουου
ゔぇえ,βεε,βεε
ゔぉう,βοο,βοο
ゔぉお,βοο,βοο
ゔぇい,βει,βει
あや,α_ια,α_ια
いや,ι_ια,ι_ια
うや,ου_ια,ου_ια
えや,ε_ια,ε_ια
おや,ο_ια,ο_ια
ああや,αα_ια,αα_ια
いいや,ιι_ια,ιι_ια
ううや,ουου_ια,ουου_ια
ええや,εε_ια,εε_ια
おうや,οο_ια,οο_ια
おおや,οο_ια,οο_ια
えいや,ει_ια,ει_ια
かや,κα_ια,κα_ια
きや,κι_ια,κι_ια
くや,κου_ια,κου_ια
けや,κε_ια,κε_ια
こや,κο_ια,κο_ια
かあや,καα_ια,καα_ια
きいや,κιι_ια,κιι_ια
くうや,κουου_ια,κουου_ια
けえや,κεε_ια,κεε_ια
こうや,κοο_ια,κοο_ια
こおや,κοο_ια,κοο_ια
けいや,κει_ια,κει_ια
がや,γκα_ια,γκα_ια
ぎや,γκι_ια,γκι_ια
ぐや,γκου_ια,γκου_ια
げや,γκε_ια,γκε_ια
ごや,γκο_ια,γκο_ια
があや,γκαα_ια,γκαα_ια
ぎいや,γκιι_ια,γκιι_ια
ぐうや,γκουου_ια,γκουου_ια
げえや,γκεε_ια,γκεε_ια
ごうや,γκοο_ια,γκοο_ια
ごおや,γκοο_ια,γκοο_ια
げいや,γκει_ια,γκει_ια
さや,σα_ια,σα_ια
すぃや,σι_ια,σι_ια
すや,σου_ια,σου_ια
せや,σε_ια,σε_ια
そや,σο_ια,σο_ια
さあや,σαα_ια,σαα_ια
すぃいや,σιι_ια,σιι_ια
すうや,σουου_ια,σουου_ια
せえや,σεε_ια,σεε_ια
そうや,σοο_ια,σοο_ια
そおや,σοο_ια,σοο_ια
せいや,σει_ια,σει_ια
しゃや,σια_ια,σια_ια
しや,σιι_ια,σιι_ια
しゅや,σιου_ια,σιου_ια
しぇや,σιε_ια,σιε_ια
しょや,σιο_ια,σιο_ια
しゃあや,σιαα_ια,σιαα_ια
しいや,σιιι_ια,σιιι_ια
しゅうや,σιουου_ια,σιουου_ια
しぇえや,σιεε_ια,σιεε_ια
しょうや,σιοο_ια,σιοο_ια
しょおや,σιοο_ια,σιοο_ια
しぇいや,σιει_ια,σιει_ια
ざや,ζα_ια,ζα_ια
ずぃや,ζι_ια,ζι_ια
ずや,ζου_ια,ζου_ια
ぜや,ζε_ια,ζε_ια
ぞや,ζο_ια,ζο_ια
ざあや,ζαα_ια,ζαα_ια
ずぃいや,ζιι_ια,ζιι_ια
ずうや,ζουου_ια,ζουου_ια
ぜえや,ζεε_ια,ζεε_ια
ぞうや,ζοο_ια,ζοο_ια
ぞおや,ζοο_ια,ζοο_ια
ぜいや,ζει_ια,ζει_ια
じゃや,ζια_ια,ζια_ια
じや,ζιι_ια,ζιι_ια
じゅや,ζιου_ια,ζιου_ια
じぇや,ζιε_ια,ζιε_ια
じょや,ζιο_ια,ζιο_ια
じゃあや,ζιαα_ια,ζιαα_ια
じいや,ζιιι_ια,ζιιι_ια
じゅうや,ζιουου_ια,ζιουου_ια
じぇえや,ζιεε_ια,ζιεε_ια
じょうや,ζιοο_ια,ζιοο_ια
じょおや,ζιοο_ια,ζιοο_ια
じぇいや,ζιει_ια,ζιει_ια
たや,τα_ια,τα_ια
てぃや,τι_ια,τι_ια
とぅや,του_ια,του_ια
てや,τε_ια,τε_ια
とや,το_ια,το_ια
たあや,ταα_ια,ταα_ια
てぃいや,τιι_ια,τιι_ια
とぅうや,τουου_ια,τουου_ια
てえや,τεε_ια,τεε_ια
とうや,τοο_ια,τοο_ια
とおや,τοο_ια,τοο_ια
ていや,τει_ια,τει_ια
ちゃや,τια_ια,τια_ια
ちや,τιι_ια,τιι_ια
ちゅや,τιου_ια,τιου_ια
ちぇや,τιε_ια,τιε_ια
ちょや,τιο_ια,τιο_ια
ちゃあや,τιαα_ια,τιαα_ια
ちいや,τιιι_ια,τιιι_ια
ちゅうや,τιουου_ια,τιουου_ια
ちぇえや,τιεε_ια,τιεε_ια
ちょうや,τιοο_ια,τιοο_ια
ちょおや,τιοο_ια,τιοο_ια
ちぇいや,τιει_ια,τιει_ια
つぁや,τσα_ια,τσα_ια
つぃや,τσι_ια,τσι_ια
つや,τσου_ια,τσου_ια
つぇや,τσε_ια,τσε_ια
つぉや,τσο_ια,τσο_ια
つぁあや,τσαα_ια,τσαα_ια
つぃいや,τσιι_ια,τσιι_ια
つうや,τσουου_ια,τσουου_ια
つぇえや,τσεε_ια,τσεε_ια
つぉうや,τσοο_ια,τσοο_ια
つぉおや,τσοο_ια,τσοο_ια
つぇいや,τσει_ια,τσει_ια
だや,ντα_ια,ντα_ια
でぃや,ντι_ια,ντι_ια
どぅや,ντου_ια,ντου_ια
でや,ντε_ια,ντε_ια
どや,ντο_ια,ντο_ια
だあや,νταα_ια,νταα_ια
でぃいや,ντιι_ια,ντιι_ια
どぅうや,ντουου_ια,ντουου_ια
でえや,ντεε_ια,ντεε_ια
どうや,ντοο_ια,ντοο_ια
どおや,ντοο_ια,ντοο_ια
でいや,ντει_ια,ντει_ια
ぢゃや,ζια_ια,ζια_ια
ぢや,ζιι_ια,ζιι_ια
ぢゅや,ζιου_ια,ζιου_ια
ぢぇや,ζιε_ια,ζιε_ια
ぢょや,ζιο_ια,ζιο_ια
ぢゃあや,ζιαα_ια,ζιαα_ια
ぢいや,ζιιι_ια,ζιιι_ια
ぢゅうや,ζιουου_ια,ζιουου_ια
ぢぇえや,ζιεε_ια,ζιεε_ια
ぢょうや,ζιοο_ια,ζιοο_ια
ぢょおや,ζιοο_ια,ζιοο_ια
ぢぇいや,ζιει_ια,ζιει_ια
づや,ζου_ια,ζου_ια
づうや,ζουου_ια,ζουου_ια
なや,να_ια,να_ια
にや,νι_ια,νι_ια
ぬや,νου_ια,νου_ια
ねや,νε_ια,νε_ια
のや,νο_ια,νο_ια
なあや,ναα_ια,ναα_ια
にいや,νιι_ια,νιι_ια
ぬうや,νουου_ια,νουου_ια
ねえや,νεε_ια,νεε_ια
のうや,νοο_ια,νοο_ια
のおや,νοο_ια,νοο_ια
ねいや,νει_ια,νει_ια
はや,χα_ια,χα_ια
ひや,χι_ια,χι_ια
へや,χε_ια,χε_ια
ほや,χο_ια,χο_ια
はあや,χαα_ια,χαα_ια
ひいや,χιι_ια,χιι_ια
へえや,χεε_ια,χεε_ια
ほうや,χοο_ια,χοο_ια
ほおや,χοο_ια,χοο_ια
へいや,χει_ια,χει_ια
ふぁや,φα_ια,φα_ια
ふぃや,φι_ια,φι_ια
ふや,φου_ια,φου_ια
ふぇや,φε_ια,φε_ια
ふぉや,φο_ια,φο_ια
ふぁあや,φαα_ια,φαα_ια
ふぃいや,φιι_ια,φιι_ια
ふうや,φουου_ια,φουου_ια
ふぇえや,φεε_ια,φεε_ια
ふぉうや,φοο_ια,φοο_ια
ふぉおや,φοο_ια,φοο_ια
ふぇいや,φει_ια,φει_ια
ばや,μπα_ια,μπα_ια
びや,μπι_ια,μπι_ια
ぶや,μπου_ια,μπου_ια
べや,μπε_ια,μπε_ια
ぼや,μπο_ια,μπο_ια
ばあや,μπαα_ια,μπαα_ια
びいや,μπιι_ια,μπιι_ια
ぶうや,μπουου_ια,μπουου_ια
べえや,μπεε_ια,μπεε_ια
ぼうや,μποο_ια,μποο_ια
ぼおや,μποο_ια,μποο_ια
べいや,μπει_ια,μπει_ια
ぱや,πα_ια,πα_ια
ぴや,πι_ια,πι_ια
ぷや,που_ια,που_ια
ぺや,πε_ια,πε_ια
ぽや,πο_ια,πο_ια
ぱあや,παα_ια,παα_ια
ぴいや,πιι_ια,πιι_ια
ぷうや,πουου_ια,πουου_ια
ぺえや,πεε_ια,πεε_ια
ぽうや,ποο_ια,ποο_ια
ぽおや,ποο_ια,ποο_ια
ぺいや,πει_ια,πει_ια
まや,μα_ια,μα_ια
みや,μι_ια,μι_ια
むや,μου_ια,μου_ια
めや,με_ια,με_ια
もや,μο_ια,μο_ια
まあや,μαα_ια,μαα_ια
みいや,μιι_ια,μιι_ια
むうや,μουου_ια,μουου_ια
めえや,μεε_ια,μεε_ια
もうや,μοο_ια,μοο_ια
もおや,μοο_ια,μοο_ια
めいや,μει_ια,μει_ια
やや,ια_ια,ια_ια
ゆや,ιου_ια,ιου_ια
よや,ιο_ια,ιο_ια
やあや,ιαα_ια,ιαα_ια
ゆうや,ιουου_ια,ιουου_ια
ようや,ιοο_ια,ιοο_ια
よおや,ιοο_ια,ιοο_ια
らや,ρα_ια,ρα_ια
りや,ρι_ια,ρι_ια
るや,ρου_ια,ρου_ια
れや,ρε_ια,ρε_ια
ろや,ρο_ια,ρο_ια
らあや,ραα_ια,ραα_ια
りいや,ριι_ια,ριι_ια
るうや,ρουου_ια,ρουου_ια
れえや,ρεε_ια,ρεε_ια
ろうや,ροο_ια,ροο_ια
ろおや,ροο_ια,ροο_ια
れいや,ρει_ια,ρει_ια
わや,βα_ια,βα_ια
うぃや,βι_ια,βι_ια
うぇや,βε_ια,βε_ια
うぉや,βο_ια,βο_ια
わあや,βαα_ια,βαα_ια
うぃいや,βιι_ια,βιι_ια
うぇえや,βεε_ια,βεε_ια
うぉうや,βοο_ια,βοο_ια
うぉおや,βοο_ια,βοο_ια
うぇいや,βει_ια,βει_ια
んや,να_ια,να_ια
をや,νο_ια,νο_ια
っ,,
んあや,ν’α_ια,ν’α_ια
んいや,ν’ι_ια,ν’ι_ια
んうや,ν’ου_ια,ν’ου_ια
んえや,ν’ε_ια,ν’ε_ια
んおや,ν’ο_ια,ν’ο_ια
んああや,ν’αα_ια,ν’αα_ια
んいいや,ν’ιι_ια,ν’ιι_ια
んううや,ν’ουου_ια,ν’ουου_ια
んええや,ν’εε_ια,ν’εε_ια
んおうや,ν’οο_ια,ν’οο_ια
んおおや,ν’οο_ια,ν’οο_ια
んえいや,ν’ει_ια,ν’ει_ια
っかや,κκα_ια,κκα_ια
っきや,κκι_ια,κκι_ια
っくや,κκου_ια,κκου_ια
っけや,κκε_ια,κκε_ια
っこや,κκο_ια,κκο_ια
っかあや,κκαα_ια,κκαα_ια
っきいや,κκιι_ια,κκιι_ια
っくうや,κκουου_ια,κκουου_ια
っけえや,κκεε_ια,κκεε_ια
っこうや,κκοο_ια,κκοο_ια
っこおや,κκοο_ια,κκοο_ια
っけいや,κκει_ια,κκει_ια
っさや,σσα_ια,σσα_ια
っすぃや,σσι_ια,σσι_ια
っすや,σσου_ια,σσου_ια
っせや,σσε_ια,σσε_ια
っそや,σσο_ια,σσο_ια
っさあや,σσαα_ια,σσαα_ια
っすぃいや,σσιι_ια,σσιι_ια
っすうや,σσουου_ια,σσουου_ια
っせえや,σσεε_ια,σσεε_ια
っそうや,σσοο_ια,σσοο_ια
っそおや,σσοο_ια,σσοο_ια
っせいや,σσει_ια,σσει_ια
っしゃや,σσια_ια,σσια_ια
っしや,σσιι_ια,σσιι_ια
っしゅや,σσιου_ια,σσιου_ια
っしぇや,σσιε_ια,σσιε_ια
っしょや,σσιο_ια,σσιο_ια
っしゃあや,σσιαα_ια,σσιαα_ια
っしいや,σσιιι_ια,σσιιι_ια
っしゅうや,σσιουου_ια,σσιουου_ια
っしぇえや,σσιεε_ια,σσιεε_ια
っしょうや,σσιοο_ια,σσιοο_ια
っしょおや,σσιοο_ια,σσιοο_ια
っしぇいや,σσιει_ια,σσιει_ια
ったや,ττα_ια,ττα_ια
ってぃや,ττι_ια,ττι_ια
っとぅや,ττου_ια,ττου_ια
ってや,ττε_ια,ττε_ια
っとや,ττο_ια,ττο_ια
ったあや,τταα_ια,τταα_ια
ってぃいや,ττιι_ια,ττιι_ια
っとぅうや,ττουου_ια,ττουου_ια
ってえや,ττεε_ια,ττεε_ια
っとうや,ττοο_ια,ττοο_ια
っとおや,ττοο_ια,ττοο_ια
っていや,ττει_ια,ττει_ια
っちゃや,ττια_ια,ττια_ια
っちや,ττιι_ια,ττιι_ια
っちゅや,ττιου_ια,ττιου_ια
っちぇや,ττιε_ια,ττιε_ια
っちょや,ττιο_ια,ττιο_ια
っちゃあや,ττιαα_ια,ττιαα_ια
っちいや,ττιιι_ια,ττιιι_ια
っちゅうや,ττιουου_ια,ττιουου_ια
っちぇえや,ττιεε_ια,ττιεε_ια
っちょうや,ττιοο_ια,ττιοο_ια
っちょおや,ττιοο_ια,ττιοο_ια
っちぇいや,ττιει_ια,ττιει_ια
っつぁや,ζζα_ια,ζζα_ια
っつぃや,ζζι_ια,ζζι_ια
っつや,ζζου_ια,ζζου_ια
っつぇや,ζζε_ια,ζζε_ια
っつぉや,ζζο_ια,ζζο_ια
っつぁあや,ζζαα_ια,ζζαα_ια
っつぃいや,ζζιι_ια,ζζιι_ια
っつうや,ζζουου_ια,ζζουου_ια
っつぇえや,ζζεε_ια,ζζεε_ια
っつぉうや,ζζοο_ια,ζζοο_ια
っつぉおや,ζζοο_ια,ζζοο_ια
っつぇいや,ζζει_ια,ζζει_ια
っぱや,ππα_ια,ππα_ια
っぴや,ππι_ια,ππι_ια
っぷや,ππου_ια,ππου_ια
っぺや,ππε_ια,ππε_ια
っぽや,ππο_ια,ππο_ια
っぱあや,ππαα_ια,ππαα_ια
っぴいや,ππιι_ια,ππιι_ια
っぷうや,ππουου_ια,ππουου_ια
っぺえや,ππεε_ια,ππεε_ια
っぽうや,πποο_ια,πποο_ια
っぽおや,πποο_ια,πποο_ια
っぺいや,ππει_ια,ππει_ια
ぁや,α_ια,α_ια
ぃや,ι_ια,ι_ια
ぅや,ου_ια,ου_ια
ぇや,ε_ια,ε_ια
ぉや,ο_ια,ο_ια
ぁあや,αα_ια,αα_ια
ぃいや,ιι_ια,ιι_ια
ぅうや,ουου_ια,ουου_ια
ぇえや,εε_ια,εε_ια
ぉうや,οο_ια,οο_ια
ぉおや,οο_ια,οο_ια
ぇいや,ει_ια,ει_ια
ゔぁや,βα_ια,βα_ια
ゔぃや,βι_ια,βι_ια
ゔや,βου_ια,βου_ια
ゔぇや,βε_ια,βε_ια
ゔぉや,βο_ια,βο_ια
ゔぁあや,βαα_ια,βαα_ια
ゔぃいや,βιι_ια,βιι_ια
ゔうや,βουου_ια,βουου_ια
ゔぇえや,βεε_ια,βεε_ια
ゔぉうや,βοο_ια,βοο_ια
ゔぉおや,βοο_ια,βοο_ια
ゔぇいや,βει_ια,βει_ια
あゆ,α_ιου,α_ιου
いゆ,ι_ιου,ι_ιου
うゆ,ου_ιου,ου_ιου
えゆ,ε_ιου,ε_ιου
おゆ,ο_ιου,ο_ιου
ああゆ,αα_ιου,αα_ιου
いいゆ,ιι_ιου,ιι_ιου
ううゆ,ουου_ιου,ουου_ιου
ええゆ,εε_ιου,εε_ιου
おうゆ,οο_ιου,οο_ιου
おおゆ,οο_ιου,οο_ιου
えいゆ,ει_ιου,ει_ιου
かゆ,κα_ιου,κα_ιου
きゆ,κι_ιου,κι_ιου
くゆ,κου_ιου,κου_ιου
けゆ,κε_ιου,κε_ιου
こゆ,κο_ιου,κο_ιου
かあゆ,καα_ιου,καα_ιου
きいゆ,κιι_ιου,κιι_ιου
くうゆ,κουου_ιου,κουου_ιου
けえゆ,κεε_ιου,κεε_ιου
こうゆ,κοο_ιου,κοο_ιου
こおゆ,κοο_ιου,κοο_ιου
けいゆ,κει_ιου,κει_ιου
がゆ,γκα_ιου,γκα_ιου
ぎゆ,γκι_ιου,γκι_ιου
ぐゆ,γκου_ιου,γκου_ιου
げゆ,γκε_ιου,γκε_ιου
ごゆ,γκο_ιου,γκο_ιου
があゆ,γκαα_ιου,γκαα_ιου
ぎいゆ,γκιι_ιου,γκιι_ιου
ぐうゆ,γκουου_ιου,γκουου_ιου
げえゆ,γκεε_ιου,γκεε_ιου
ごうゆ,γκοο_ιου,γκοο_ιου
ごおゆ,γκοο_ιου,γκοο_ιου
げいゆ,γκει_ιου,γκει_ιου
さゆ,σα_ιου,σα_ιου
すぃゆ,σι_ιου,σι_ιου
すゆ,σου_ιου,σου_ιου
せゆ,σε_ιου,σε_ιου
そゆ,σο_ιου,σο_ιου
さあゆ,σαα_ιου,σαα_ιου
すぃいゆ,σιι_ιου,σιι_ιου
すうゆ,σουου_ιου,σουου_ιου
せえゆ,σεε_ιου,σεε_ιου
そうゆ,σοο_ιου,σοο_ιου
そおゆ,σοο_ιου,σοο_ιου
せいゆ,σει_ιου,σει_ιου
しゃゆ,σια_ιου,σια_ιου
しゆ,σιι_ιου,σιι_ιου
しゅゆ,σιου_ιου,σιου_ιου
しぇゆ,σιε_ιου,σιε_ιου
しょゆ,σιο_ιου,σιο_ιου
しゃあゆ,σιαα_ιου,σιαα_ιου
しいゆ,σιιι_ιου,σιιι_ιου
しゅうゆ,σιουου_ιου,σιουου_ιου
しぇえゆ,σιεε_ιου,σιεε_ιου
しょうゆ,σιοο_ιου,σιοο_ιου
しょおゆ,σιοο_ιου,σιοο_ιου
しぇいゆ,σιει_ιου,σιει_ιου
ざゆ,ζα_ιου,ζα_ιου
ずぃゆ,ζι_ιου,ζι_ιου
ずゆ,ζου_ιου,ζου_ιου
ぜゆ,ζε_ιου,ζε_ιου
ぞゆ,ζο_ιου,ζο_ιου
ざあゆ,ζαα_ιου,ζαα_ιου
ずぃいゆ,ζιι_ιου,ζιι_ιου
ずうゆ,ζουου_ιου,ζουου_ιου
ぜえゆ,ζεε_ιου,ζεε_ιου
ぞうゆ,ζοο_ιου,ζοο_ιου
ぞおゆ,ζοο_ιου,ζοο_ιου
ぜいゆ,ζει_ιου,ζει_ιου
じゃゆ,ζια_ιου,ζια_ιου
じゆ,ζιι_ιου,ζιι_ιου
じゅゆ,ζιου_ιου,ζιου_ιου
じぇゆ,ζιε_ιου,ζιε_ιου
じょゆ,ζιο_ιου,ζιο_ιου
じゃあゆ,ζιαα_ιου,ζιαα_ιου
じいゆ,ζιιι_ιου,ζιιι_ιου
じゅうゆ,ζιουου_ιου,ζιουου_ιου
じぇえゆ,ζιεε_ιου,ζιεε_ιου
じょうゆ,ζιοο_ιου,ζιοο_ιου
じょおゆ,ζιοο_ιου,ζιοο_ιου
じぇいゆ,ζιει_ιου,ζιει_ιου
たゆ,τα_ιου,τα_ιου
てぃゆ,τι_ιου,τι_ιου
とぅゆ,του_ιου,του_ιου
てゆ,τε_ιου,τε_ιου
とゆ,το_ιου,το_ιου
たあゆ,ταα_ιου,ταα_ιου
てぃいゆ,τιι_ιου,τιι_ιου
とぅうゆ,τουου_ιου,τουου_ιου
てえゆ,τεε_ιου,τεε_ιου
とうゆ,τοο_ιου,τοο_ιου
とおゆ,τοο_ιου,τοο_ιου
ていゆ,τει_ιου,τει_ιου
ちゃゆ,τια_ιου,τια_ιου
ちゆ,τιι_ιου,τιι_ιου
ちゅゆ,τιου_ιου,τιου_ιου
ちぇゆ,τιε_ιου,τιε_ιου
ちょゆ,τιο_ιου,τιο_ιου
ちゃあゆ,τιαα_ιου,τιαα_ιου
ちいゆ,τιιι_ιου,τιιι_ιου
ちゅうゆ,τιουου_ιου,τιουου_ιου
ちぇえゆ,τιεε_ιου,τιεε_ιου
ちょうゆ,τιοο_ιου,τιοο_ιου
ちょおゆ,τιοο_ιου,τιοο_ιου
ちぇいゆ,τιει_ιου,τιει_ιου
つぁゆ,τσα_ιου,τσα_ιου
つぃゆ,τσι_ιου,τσι_ιου
つゆ,τσου_ιου,τσου_ιου
つぇゆ,τσε_ιου,τσε_ιου
つぉゆ,τσο_ιου,τσο_ιου
つぁあゆ,τσαα_ιου,τσαα_ιου
つぃいゆ,τσιι_ιου,τσιι_ιου
つうゆ,τσουου_ιου,τσουου_ιου
つぇえゆ,τσεε_ιου,τσεε_ιου
つぉうゆ,τσοο_ιου,τσοο_ιου
つぉおゆ,τσοο_ιου,τσοο_ιου
つぇいゆ,τσει_ιου,τσει_ιου
だゆ,ντα_ιου,ντα_ιου
でぃゆ,ντι_ιου,ντι_ιου
どぅゆ,ντου_ιου,ντου_ιου
でゆ,ντε_ιου,ντε_ιου
どゆ,ντο_ιου,ντο_ιου
だあゆ,νταα_ιου,νταα_ιου
でぃいゆ,ντιι_ιου,ντιι_ιου
どぅうゆ,ντουου_ιου,ντουου_ιου
でえゆ,ντεε_ιου,ντεε_ιου
どうゆ,ντοο_ιου,ντοο_ιου
どおゆ,ντοο_ιου,ντοο_ιου
でいゆ,ντει_ιου,ντει_ιου
ぢゃゆ,ζια_ιου,ζια_ιου
ぢゆ,ζιι_ιου,ζιι_ιου
ぢゅゆ,ζιου_ιου,ζιου_ιου
ぢぇゆ,ζιε_ιου,ζιε_ιου
ぢょゆ,ζιο_ιου,ζιο_ιου
ぢゃあゆ,ζιαα_ιου,ζιαα_ιου
ぢいゆ,ζιιι_ιου,ζιιι_ιου
ぢゅうゆ,ζιουου_ιου,ζιουου_ιου
ぢぇえゆ,ζιεε_ιου,ζιεε_ιου
ぢょうゆ,ζιοο_ιου,ζιοο_ιου
ぢょおゆ,ζιοο_ιου,ζιοο_ιου
ぢぇいゆ,ζιει_ιου,ζιει_ιου
づゆ,ζου_ιου,ζου_ιου
づうゆ,ζουου_ιου,ζουου_ιου
なゆ,να_ιου,να_ιου
にゆ,νι_ιου,νι_ιου
ぬゆ,νου_ιου,νου_ιου
ねゆ,νε_ιου,νε_ιου
のゆ,νο_ιου,νο_ιου
なあゆ,ναα_ιου,ναα_ιου
にいゆ,νιι_ιου,νιι_ιου
ぬうゆ,νουου_ιου,νουου_ιου
ねえゆ,νεε_ιου,νεε_ιου
のうゆ,νοο_ιου,νοο_ιου
のおゆ,νοο_ιου,νοο_ιου
ねいゆ,νει_ιου,νει_ιου
はゆ,χα_ιου,χα_ιου
ひゆ,χι_ιου,χι_ιου
へゆ,χε_ιου,χε_ιου
ほゆ,χο_ιου,χο_ιου
はあゆ,χαα_ιου,χαα_ιου
ひいゆ,χιι_ιου,χιι_ιου
へえゆ,χεε_ιου,χεε_ιου
ほうゆ,χοο_ιου,χοο_ιου
ほおゆ,χοο_ιου,χοο_ιου
へいゆ,χει_ιου,χει_ιου
ふぁゆ,φα_ιου,φα_ιου
ふぃゆ,φι_ιου,φι_ιου
ふゆ,φου_ιου,φου_ιου
ふぇゆ,φε_ιου,φε_ιου
ふぉゆ,φο_ιου,φο_ιου
ふぁあゆ,φαα_ιου,φαα_ιου
ふぃいゆ,φιι_ιου,φιι_ιου
ふうゆ,φουου_ιου,φουου_ιου
ふぇえゆ,φεε_ιου,φεε_ιου
ふぉうゆ,φοο_ιου,φοο_ιου
ふぉおゆ,φοο_ιου,φοο_ιου
ふぇいゆ,φει_ιου,φει_ιου
ばゆ,μπα_ιου,μπα_ιου
びゆ,μπι_ιου,μπι_ιου
ぶゆ,μπου_ιου,μπου_ιου
べゆ,μπε_ιου,μπε_ιου
ぼゆ,μπο_ιου,μπο_ιου
ばあゆ,μπαα_ιου,μπαα_ιου
びいゆ,μπιι_ιου,μπιι_ιου
ぶうゆ,μπουου_ιου,μπουου_ιου
べえゆ,μπεε_ιου,μπεε_ιου
ぼうゆ,μποο_ιου,μποο_ιου
ぼおゆ,μποο_ιου,μποο_ιου
べいゆ,μπει_ιου,μπει_ιου
ぱゆ,πα_ιου,πα_ιου
ぴゆ,πι_ιου,πι_ιου
ぷゆ,που_ιου,που_ιου
ぺゆ,πε_ιου,πε_ιου
ぽゆ,πο_ιου,πο_ιου
ぱあゆ,παα_ιου,παα_ιου
ぴいゆ,πιι_ιου,πιι_ιου
ぷうゆ,πουου_ιου,πουου_ιου
ぺえゆ,πεε_ιου,πεε_ιου
ぽうゆ,ποο_ιου,ποο_ιου
ぽおゆ,ποο_ιου,ποο_ιου
ぺいゆ,πει_ιου,πει_ιου
まゆ,μα_ιου,μα_ιου
みゆ,μι_ιου,μι_ιου
むゆ,μου_ιου,μου_ιου
めゆ,με_ιου,με_ιου
もゆ,μο_ιου,μο_ιου
まあゆ,μαα_ιου,μαα_ιου
みいゆ,μιι_ιου,μιι_ιου
むうゆ,μουου_ιου,μουου_ιου
めえゆ,μεε_ιου,μεε_ιου
もうゆ,μοο_ιου,μοο_ιου
もおゆ,μοο_ιου,μοο_ιου
めいゆ,μει_ιου,μει_ιου
やゆ,ια_ιου,ια_ιου
ゆゆ,ιου_ιου,ιου_ιου
よゆ,ιο_ιου,ιο_ιου
やあゆ,ιαα_ιου,ιαα_ιου
ゆうゆ,ιουου_ιου,ιουου_ιου
ようゆ,ιοο_ιου,ιοο_ιου
よおゆ,ιοο_ιου,ιοο_ιου
らゆ,ρα_ιου,ρα_ιου
りゆ,ρι_ιου,ρι_ιου
るゆ,ρου_ιου,ρου_ιου
れゆ,ρε_ιου,ρε_ιου
ろゆ,ρο_ιου,ρο_ιου
らあゆ,ραα_ιου,ραα_ιου
りいゆ,ριι_ιου,ριι_ιου
るうゆ,ρουου_ιου,ρουου_ιου
れえゆ,ρεε_ιου,ρεε_ιου
ろうゆ,ροο_ιου,ροο_ιου
ろおゆ,ροο_ιου,ροο_ιου
れいゆ,ρει_ιου,ρει_ιου
わゆ,βα_ιου,βα_ιου
うぃゆ,βι_ιου,βι_ιου
うぇゆ,βε_ιου,βε_ιου
うぉゆ,βο_ιου,βο_ιου
わあゆ,βαα_ιου,βαα_ιου
うぃいゆ,βιι_ιου,βιι_ιου
うぇえゆ,βεε_ιου,βεε_ιου
うぉうゆ,βοο_ιου,βοο_ιου
うぉおゆ,βοο_ιου,βοο_ιου
うぇいゆ,βει_ιου,βει_ιου
んゆ,να_ιου,να_ιου
をゆ,νο_ιου,νο_ιου
っ,,
んあゆ,ν’α_ιου,ν’α_ιου
んいゆ,ν’ι_ιου,ν’ι_ιου
んうゆ,ν’ου_ιου,ν’ου_ιου
んえゆ,ν’ε_ιου,ν’ε_ιου
んおゆ,ν’ο_ιου,ν’ο_ιου
んああゆ,ν’αα_ιου,ν’αα_ιου
んいいゆ,ν’ιι_ιου,ν’ιι_ιου
んううゆ,ν’ουου_ιου,ν’ουου_ιου
んええゆ,ν’εε_ιου,ν’εε_ιου
んおうゆ,ν’οο_ιου,ν’οο_ιου
んおおゆ,ν’οο_ιου,ν’οο_ιου
んえいゆ,ν’ει_ιου,ν’ει_ιου
っかゆ,κκα_ιου,κκα_ιου
っきゆ,κκι_ιου,κκι_ιου
っくゆ,κκου_ιου,κκου_ιου
っけゆ,κκε_ιου,κκε_ιου
っこゆ,κκο_ιου,κκο_ιου
っかあゆ,κκαα_ιου,κκαα_ιου
っきいゆ,κκιι_ιου,κκιι_ιου
っくうゆ,κκουου_ιου,κκουου_ιου
っけえゆ,κκεε_ιου,κκεε_ιου
っこうゆ,κκοο_ιου,κκοο_ιου
っこおゆ,κκοο_ιου,κκοο_ιου
っけいゆ,κκει_ιου,κκει_ιου
っさゆ,σσα_ιου,σσα_ιου
っすぃゆ,σσι_ιου,σσι_ιου
っすゆ,σσου_ιου,σσου_ιου
っせゆ,σσε_ιου,σσε_ιου
っそゆ,σσο_ιου,σσο_ιου
っさあゆ,σσαα_ιου,σσαα_ιου
っすぃいゆ,σσιι_ιου,σσιι_ιου
っすうゆ,σσουου_ιου,σσουου_ιου
っせえゆ,σσεε_ιου,σσεε_ιου
っそうゆ,σσοο_ιου,σσοο_ιου
っそおゆ,σσοο_ιου,σσοο_ιου
っせいゆ,σσει_ιου,σσει_ιου
っしゃゆ,σσια_ιου,σσια_ιου
っしゆ,σσιι_ιου,σσιι_ιου
っしゅゆ,σσιου_ιου,σσιου_ιου
っしぇゆ,σσιε_ιου,σσιε_ιου
っしょゆ,σσιο_ιου,σσιο_ιου
っしゃあゆ,σσιαα_ιου,σσιαα_ιου
っしいゆ,σσιιι_ιου,σσιιι_ιου
っしゅうゆ,σσιουου_ιου,σσιουου_ιου
っしぇえゆ,σσιεε_ιου,σσιεε_ιου
っしょうゆ,σσιοο_ιου,σσιοο_ιου
っしょおゆ,σσιοο_ιου,σσιοο_ιου
っしぇいゆ,σσιει_ιου,σσιει_ιου
ったゆ,ττα_ιου,ττα_ιου
ってぃゆ,ττι_ιου,ττι_ιου
っとぅゆ,ττου_ιου,ττου_ιου
ってゆ,ττε_ιου,ττε_ιου
っとゆ,ττο_ιου,ττο_ιου
ったあゆ,τταα_ιου,τταα_ιου
ってぃいゆ,ττιι_ιου,ττιι_ιου
っとぅうゆ,ττουου_ιου,ττουου_ιου
ってえゆ,ττεε_ιου,ττεε_ιου
っとうゆ,ττοο_ιου,ττοο_ιου
っとおゆ,ττοο_ιου,ττοο_ιου
っていゆ,ττει_ιου,ττει_ιου
っちゃゆ,ττια_ιου,ττια_ιου
っちゆ,ττιι_ιου,ττιι_ιου
っちゅゆ,ττιου_ιου,ττιου_ιου
っちぇゆ,ττιε_ιου,ττιε_ιου
っちょゆ,ττιο_ιου,ττιο_ιου
っちゃあゆ,ττιαα_ιου,ττιαα_ιου
っちいゆ,ττιιι_ιου,ττιιι_ιου
っちゅうゆ,ττιουου_ιου,ττιουου_ιου
っちぇえゆ,ττιεε_ιου,ττιεε_ιου
っちょうゆ,ττιοο_ιου,ττιοο_ιου
っちょおゆ,ττιοο_ιου,ττιοο_ιου
っちぇいゆ,ττιει_ιου,ττιει_ιου
っつぁゆ,ζζα_ιου,ζζα_ιου
っつぃゆ,ζζι_ιου,ζζι_ιου
っつゆ,ζζου_ιου,ζζου_ιου
っつぇゆ,ζζε_ιου,ζζε_ιου
っつぉゆ,ζζο_ιου,ζζο_ιου
っつぁあゆ,ζζαα_ιου,ζζαα_ιου
っつぃいゆ,ζζιι_ιου,ζζιι_ιου
っつうゆ,ζζουου_ιου,ζζουου_ιου
っつぇえゆ,ζζεε_ιου,ζζεε_ιου
っつぉうゆ,ζζοο_ιου,ζζοο_ιου
っつぉおゆ,ζζοο_ιου,ζζοο_ιου
っつぇいゆ,ζζει_ιου,ζζει_ιου
っぱゆ,ππα_ιου,ππα_ιου
っぴゆ,ππι_ιου,ππι_ιου
っぷゆ,ππου_ιου,ππου_ιου
っぺゆ,ππε_ιου,ππε_ιου
っぽゆ,ππο_ιου,ππο_ιου
っぱあゆ,ππαα_ιου,ππαα_ιου
っぴいゆ,ππιι_ιου,ππιι_ιου
っぷうゆ,ππουου_ιου,ππουου_ιου
っぺえゆ,ππεε_ιου,ππεε_ιου
っぽうゆ,πποο_ιου,πποο_ιου
っぽおゆ,πποο_ιου,πποο_ιου
っぺいゆ,ππει_ιου,ππει_ιου
ぁゆ,α_ιου,α_ιου
ぃゆ,ι_ιου,ι_ιου
ぅゆ,ου_ιου,ου_ιου
ぇゆ,ε_ιου,ε_ιου
ぉゆ,ο_ιου,ο_ιου
ぁあゆ,αα_ιου,αα_ιου
ぃいゆ,ιι_ιου,ιι_ιου
ぅうゆ,ουου_ιου,ουου_ιου
ぇえゆ,εε_ιου,εε_ιου
ぉうゆ,οο_ιου,οο_ιου
ぉおゆ,οο_ιου,οο_ιου
ぇいゆ,ει_ιου,ει_ιου
ゔぁゆ,βα_ιου,βα_ιου
ゔぃゆ,βι_ιου,βι_ιου
ゔゆ,βου_ιου,βου_ιου
ゔぇゆ,βε_ιου,βε_ιου
ゔぉゆ,βο_ιου,βο_ιου
ゔぁあゆ,βαα_ιου,βαα_ιου
ゔぃいゆ,βιι_ιου,βιι_ιου
ゔうゆ,βουου_ιου,βουου_ιου
ゔぇえゆ,βεε_ιου,βεε_ιου
ゔぉうゆ,βοο_ιου,βοο_ιου
ゔぉおゆ,βοο_ιου,βοο_ιου
ゔぇいゆ,βει_ιου,βει_ιου
あよ,α_ιο,α_ιο
いよ,ι_ιο,ι_ιο
うよ,ου_ιο,ου_ιο
えよ,ε_ιο,ε_ιο
およ,ο_ιο,ο_ιο
ああよ,αα_ιο,αα_ιο
いいよ,ιι_ιο,ιι_ιο
ううよ,ουου_ιο,ουου_ιο
ええよ,εε_ιο,εε_ιο
おうよ,οο_ιο,οο_ιο
おおよ,οο_ιο,οο_ιο
えいよ,ει_ιο,ει_ιο
かよ,κα_ιο,κα_ιο
きよ,κι_ιο,κι_ιο
くよ,κου_ιο,κου_ιο
けよ,κε_ιο,κε_ιο
こよ,κο_ιο,κο_ιο
かあよ,καα_ιο,καα_ιο
きいよ,κιι_ιο,κιι_ιο
くうよ,κουου_ιο,κουου_ιο
けえよ,κεε_ιο,κεε_ιο
こうよ,κοο_ιο,κοο_ιο
こおよ,κοο_ιο,κοο_ιο
けいよ,κει_ιο,κει_ιο
がよ,γκα_ιο,γκα_ιο
ぎよ,γκι_ιο,γκι_ιο
ぐよ,γκου_ιο,γκου_ιο
げよ,γκε_ιο,γκε_ιο
ごよ,γκο_ιο,γκο_ιο
があよ,γκαα_ιο,γκαα_ιο
ぎいよ,γκιι_ιο,γκιι_ιο
ぐうよ,γκουου_ιο,γκουου_ιο
げえよ,γκεε_ιο,γκεε_ιο
ごうよ,γκοο_ιο,γκοο_ιο
ごおよ,γκοο_ιο,γκοο_ιο
げいよ,γκει_ιο,γκει_ιο
さよ,σα_ιο,σα_ιο
すぃよ,σι_ιο,σι_ιο
すよ,σου_ιο,σου_ιο
せよ,σε_ιο,σε_ιο
そよ,σο_ιο,σο_ιο
さあよ,σαα_ιο,σαα_ιο
すぃいよ,σιι_ιο,σιι_ιο
すうよ,σουου_ιο,σουου_ιο
せえよ,σεε_ιο,σεε_ιο
そうよ,σοο_ιο,σοο_ιο
そおよ,σοο_ιο,σοο_ιο
せいよ,σει_ιο,σει_ιο
しゃよ,σια_ιο,σια_ιο
しよ,σιι_ιο,σιι_ιο
しゅよ,σιου_ιο,σιου_ιο
しぇよ,σιε_ιο,σιε_ιο
しょよ,σιο_ιο,σιο_ιο
しゃあよ,σιαα_ιο,σιαα_ιο
しいよ,σιιι_ιο,σιιι_ιο
しゅうよ,σιουου_ιο,σιουου_ιο
しぇえよ,σιεε_ιο,σιεε_ιο
しょうよ,σιοο_ιο,σιοο_ιο
しょおよ,σιοο_ιο,σιοο_ιο
しぇいよ,σιει_ιο,σιει_ιο
ざよ,ζα_ιο,ζα_ιο
ずぃよ,ζι_ιο,ζι_ιο
ずよ,ζου_ιο,ζου_ιο
ぜよ,ζε_ιο,ζε_ιο
ぞよ,ζο_ιο,ζο_ιο
ざあよ,ζαα_ιο,ζαα_ιο
ずぃいよ,ζιι_ιο,ζιι_ιο
ずうよ,ζουου_ιο,ζουου_ιο
ぜえよ,ζεε_ιο,ζεε_ιο
ぞうよ,ζοο_ιο,ζοο_ιο
ぞおよ,ζοο_ιο,ζοο_ιο
ぜいよ,ζει_ιο,ζει_ιο
じゃよ,ζια_ιο,ζια_ιο
じよ,ζιι_ιο,ζιι_ιο
じゅよ,ζιου_ιο,ζιου_ιο
じぇよ,ζιε_ιο,ζιε_ιο
じょよ,ζιο_ιο,ζιο_ιο
じゃあよ,ζιαα_ιο,ζιαα_ιο
じいよ,ζιιι_ιο,ζιιι_ιο
じゅうよ,ζιουου_ιο,ζιουου_ιο
じぇえよ,ζιεε_ιο,ζιεε_ιο
じょうよ,ζιοο_ιο,ζιοο_ιο
じょおよ,ζιοο_ιο,ζιοο_ιο
じぇいよ,ζιει_ιο,ζιει_ιο
たよ,τα_ιο,τα_ιο
てぃよ,τι_ιο,τι_ιο
とぅよ,του_ιο,του_ιο
てよ,τε_ιο,τε_ιο
とよ,το_ιο,το_ιο
たあよ,ταα_ιο,ταα_ιο
てぃいよ,τιι_ιο,τιι_ιο
とぅうよ,τουου_ιο,τουου_ιο
てえよ,τεε_ιο,τεε_ιο
とうよ,τοο_ιο,τοο_ιο
とおよ,τοο_ιο,τοο_ιο
ていよ,τει_ιο,τει_ιο
ちゃよ,τια_ιο,τια_ιο
ちよ,τιι_ιο,τιι_ιο
ちゅよ,τιου_ιο,τιου_ιο
ちぇよ,τιε_ιο,τιε_ιο
ちょよ,τιο_ιο,τιο_ιο
ちゃあよ,τιαα_ιο,τιαα_ιο
ちいよ,τιιι_ιο,τιιι_ιο
ちゅうよ,τιουου_ιο,τιουου_ιο
ちぇえよ,τιεε_ιο,τιεε_ιο
ちょうよ,τιοο_ιο,τιοο_ιο
ちょおよ,τιοο_ιο,τιοο_ιο
ちぇいよ,τιει_ιο,τιει_ιο
つぁよ,τσα_ιο,τσα_ιο
つぃよ,τσι_ιο,τσι_ιο
つよ,τσου_ιο,τσου_ιο
つぇよ,τσε_ιο,τσε_ιο
つぉよ,τσο_ιο,τσο_ιο
つぁあよ,τσαα_ιο,τσαα_ιο
つぃいよ,τσιι_ιο,τσιι_ιο
つうよ,τσουου_ιο,τσουου_ιο
つぇえよ,τσεε_ιο,τσεε_ιο
つぉうよ,τσοο_ιο,τσοο_ιο
つぉおよ,τσοο_ιο,τσοο_ιο
つぇいよ,τσει_ιο,τσει_ιο
だよ,ντα_ιο,ντα_ιο
でぃよ,ντι_ιο,ντι_ιο
どぅよ,ντου_ιο,ντου_ιο
でよ,ντε_ιο,ντε_ιο
どよ,ντο_ιο,ντο_ιο
だあよ,νταα_ιο,νταα_ιο
でぃいよ,ντιι_ιο,ντιι_ιο
どぅうよ,ντουου_ιο,ντουου_ιο
でえよ,ντεε_ιο,ντεε_ιο
どうよ,ντοο_ιο,ντοο_ιο
どおよ,ντοο_ιο,ντοο_ιο
でいよ,ντει_ιο,ντει_ιο
ぢゃよ,ζια_ιο,ζια_ιο
ぢよ,ζιι_ιο,ζιι_ιο
ぢゅよ,ζιου_ιο,ζιου_ιο
ぢぇよ,ζιε_ιο,ζιε_ιο
ぢょよ,ζιο_ιο,ζιο_ιο
ぢゃあよ,ζιαα_ιο,ζιαα_ιο
ぢいよ,ζιιι_ιο,ζιιι_ιο
ぢゅうよ,ζιουου_ιο,ζιουου_ιο
ぢぇえよ,ζιεε_ιο,ζιεε_ιο
ぢょうよ,ζιοο_ιο,ζιοο_ιο
ぢょおよ,ζιοο_ιο,ζιοο_ιο
ぢぇいよ,ζιει_ιο,ζιει_ιο
づよ,ζου_ιο,ζου_ιο
づうよ,ζουου_ιο,ζουου_ιο
なよ,να_ιο,να_ιο
によ,νι_ιο,νι_ιο
ぬよ,νου_ιο,νου_ιο
ねよ,νε_ιο,νε_ιο
のよ,νο_ιο,νο_ιο
なあよ,ναα_ιο,ναα_ιο
にいよ,νιι_ιο,νιι_ιο
ぬうよ,νουου_ιο,νουου_ιο
ねえよ,νεε_ιο,νεε_ιο
のうよ,νοο_ιο,νοο_ιο
のおよ,νοο_ιο,νοο_ιο
ねいよ,νει_ιο,νει_ιο
はよ,χα_ιο,χα_ιο
ひよ,χι_ιο,χι_ιο
へよ,χε_ιο,χε_ιο
ほよ,χο_ιο,χο_ιο
はあよ,χαα_ιο,χαα_ιο
ひいよ,χιι_ιο,χιι_ιο
へえよ,χεε_ιο,χεε_ιο
ほうよ,χοο_ιο,χοο_ιο
ほおよ,χοο_ιο,χοο_ιο
へいよ,χει_ιο,χει_ιο
ふぁよ,φα_ιο,φα_ιο
ふぃよ,φι_ιο,φι_ιο
ふよ,φου_ιο,φου_ιο
ふぇよ,φε_ιο,φε_ιο
ふぉよ,φο_ιο,φο_ιο
ふぁあよ,φαα_ιο,φαα_ιο
ふぃいよ,φιι_ιο,φιι_ιο
ふうよ,φουου_ιο,φουου_ιο
ふぇえよ,φεε_ιο,φεε_ιο
ふぉうよ,φοο_ιο,φοο_ιο
ふぉおよ,φοο_ιο,φοο_ιο
ふぇいよ,φει_ιο,φει_ιο
ばよ,μπα_ιο,μπα_ιο
びよ,μπι_ιο,μπι_ιο
ぶよ,μπου_ιο,μπου_ιο
べよ,μπε_ιο,μπε_ιο
ぼよ,μπο_ιο,μπο_ιο
ばあよ,μπαα_ιο,μπαα_ιο
びいよ,μπιι_ιο,μπιι_ιο
ぶうよ,μπουου_ιο,μπουου_ιο
べえよ,μπεε_ιο,μπεε_ιο
ぼうよ,μποο_ιο,μποο_ιο
ぼおよ,μποο_ιο,μποο_ιο
べいよ,μπει_ιο,μπει_ιο
ぱよ,πα_ιο,πα_ιο
ぴよ,πι_ιο,πι_ιο
ぷよ,που_ιο,που_ιο
ぺよ,πε_ιο,πε_ιο
ぽよ,πο_ιο,πο_ιο
ぱあよ,παα_ιο,παα_ιο
ぴいよ,πιι_ιο,πιι_ιο
ぷうよ,πουου_ιο,πουου_ιο
ぺえよ,πεε_ιο,πεε_ιο
ぽうよ,ποο_ιο,ποο_ιο
ぽおよ,ποο_ιο,ποο_ιο
ぺいよ,πει_ιο,πει_ιο
まよ,μα_ιο,μα_ιο
みよ,μι_ιο,μι_ιο
むよ,μου_ιο,μου_ιο
めよ,με_ιο,με_ιο
もよ,μο_ιο,μο_ιο
まあよ,μαα_ιο,μαα_ιο
みいよ,μιι_ιο,μιι_ιο
むうよ,μουου_ιο,μουου_ιο
めえよ,μεε_ιο,μεε_ιο
もうよ,μοο_ιο,μοο_ιο
もおよ,μοο_ιο,μοο_ιο
めいよ,μει_ιο,μει_ιο
やよ,ια_ιο,ια_ιο
ゆよ,ιου_ιο,ιου_ιο
よよ,ιο_ιο,ιο_ιο
やあよ,ιαα_ιο,ιαα_ιο
ゆうよ,ιουου_ιο,ιουου_ιο
ようよ,ιοο_ιο,ιοο_ιο
よおよ,ιοο_ιο,ιοο_ιο
らよ,ρα_ιο,ρα_ιο
りよ,ρι_ιο,ρι_ιο
るよ,ρου_ιο,ρου_ιο
れよ,ρε_ιο,ρε_ιο
ろよ,ρο_ιο,ρο_ιο
らあよ,ραα_ιο,ραα_ιο
りいよ,ριι_ιο,ριι_ιο
るうよ,ρουου_ιο,ρουου_ιο
れえよ,ρεε_ιο,ρεε_ιο
ろうよ,ροο_ιο,ροο_ιο
ろおよ,ροο_ιο,ροο_ιο
れいよ,ρει_ιο,ρει_ιο
わよ,βα_ιο,βα_ιο
うぃよ,βι_ιο,βι_ιο
うぇよ,βε_ιο,βε_ιο
うぉよ,βο_ιο,βο_ιο
わあよ,βαα_ιο,βαα_ιο
うぃいよ,βιι_ιο,βιι_ιο
うぇえよ,βεε_ιο,βεε_ιο
うぉうよ,βοο_ιο,βοο_ιο
うぉおよ,βοο_ιο,βοο_ιο
うぇいよ,βει_ιο,βει_ιο
んよ,να_ιο,να_ιο
をよ,νο_ιο,νο_ιο
っ,,
んあよ,ν’α_ιο,ν’α_ιο
んいよ,ν’ι_ιο,ν’ι_ιο
んうよ,ν’ου_ιο,ν’ου_ιο
んえよ,ν’ε_ιο,ν’ε_ιο
んおよ,ν’ο_ιο,ν’ο_ιο
んああよ,ν’αα_ιο,ν’αα_ιο
んいいよ,ν’ιι_ιο,ν’ιι_ιο
んううよ,ν’ουου_ιο,ν’ουου_ιο
んええよ,ν’εε_ιο,ν’εε_ιο
んおうよ,ν’οο_ιο,ν’οο_ιο
んおおよ,ν’οο_ιο,ν’οο_ιο
んえいよ,ν’ει_ιο,ν’ει_ιο
っかよ,κκα_ιο,κκα_ιο
っきよ,κκι_ιο,κκι_ιο
っくよ,κκου_ιο,κκου_ιο
っけよ,κκε_ιο,κκε_ιο
っこよ,κκο_ιο,κκο_ιο
っかあよ,κκαα_ιο,κκαα_ιο
っきいよ,κκιι_ιο,κκιι_ιο
っくうよ,κκουου_ιο,κκουου_ιο
っけえよ,κκεε_ιο,κκεε_ιο
っこうよ,κκοο_ιο,κκοο_ιο
っこおよ,κκοο_ιο,κκοο_ιο
っけいよ,κκει_ιο,κκει_ιο
っさよ,σσα_ιο,σσα_ιο
っすぃよ,σσι_ιο,σσι_ιο
っすよ,σσου_ιο,σσου_ιο
っせよ,σσε_ιο,σσε_ιο
っそよ,σσο_ιο,σσο_ιο
っさあよ,σσαα_ιο,σσαα_ιο
っすぃいよ,σσιι_ιο,σσιι_ιο
っすうよ,σσουου_ιο,σσουου_ιο
っせえよ,σσεε_ιο,σσεε_ιο
っそうよ,σσοο_ιο,σσοο_ιο
っそおよ,σσοο_ιο,σσοο_ιο
っせいよ,σσει_ιο,σσει_ιο
っしゃよ,σσια_ιο,σσια_ιο
っしよ,σσιι_ιο,σσιι_ιο
っしゅよ,σσιου_ιο,σσιου_ιο
っしぇよ,σσιε_ιο,σσιε_ιο
っしょよ,σσιο_ιο,σσιο_ιο
っしゃあよ,σσιαα_ιο,σσιαα_ιο
っしいよ,σσιιι_ιο,σσιιι_ιο
っしゅうよ,σσιουου_ιο,σσιουου_ιο
っしぇえよ,σσιεε_ιο,σσιεε_ιο
っしょうよ,σσιοο_ιο,σσιοο_ιο
っしょおよ,σσιοο_ιο,σσιοο_ιο
っしぇいよ,σσιει_ιο,σσιει_ιο
ったよ,ττα_ιο,ττα_ιο
ってぃよ,ττι_ιο,ττι_ιο
っとぅよ,ττου_ιο,ττου_ιο
ってよ,ττε_ιο,ττε_ιο
っとよ,ττο_ιο,ττο_ιο
ったあよ,τταα_ιο,τταα_ιο
ってぃいよ,ττιι_ιο,ττιι_ιο
っとぅうよ,ττουου_ιο,ττουου_ιο
ってえよ,ττεε_ιο,ττεε_ιο
っとうよ,ττοο_ιο,ττοο_ιο
っとおよ,ττοο_ιο,ττοο_ιο
っていよ,ττει_ιο,ττει_ιο
っちゃよ,ττια_ιο,ττια_ιο
っちよ,ττιι_ιο,ττιι_ιο
っちゅよ,ττιου_ιο,ττιου_ιο
っちぇよ,ττιε_ιο,ττιε_ιο
っちょよ,ττιο_ιο,ττιο_ιο
っちゃあよ,ττιαα_ιο,ττιαα_ιο
っちいよ,ττιιι_ιο,ττιιι_ιο
っちゅうよ,ττιουου_ιο,ττιουου_ιο
っちぇえよ,ττιεε_ιο,ττιεε_ιο
っちょうよ,ττιοο_ιο,ττιοο_ιο
っちょおよ,ττιοο_ιο,ττιοο_ιο
っちぇいよ,ττιει_ιο,ττιει_ιο
っつぁよ,ζζα_ιο,ζζα_ιο
っつぃよ,ζζι_ιο,ζζι_ιο
っつよ,ζζου_ιο,ζζου_ιο
っつぇよ,ζζε_ιο,ζζε_ιο
っつぉよ,ζζο_ιο,ζζο_ιο
っつぁあよ,ζζαα_ιο,ζζαα_ιο
っつぃいよ,ζζιι_ιο,ζζιι_ιο
っつうよ,ζζουου_ιο,ζζουου_ιο
っつぇえよ,ζζεε_ιο,ζζεε_ιο
っつぉうよ,ζζοο_ιο,ζζοο_ιο
っつぉおよ,ζζοο_ιο,ζζοο_ιο
っつぇいよ,ζζει_ιο,ζζει_ιο
っぱよ,ππα_ιο,ππα_ιο
っぴよ,ππι_ιο,ππι_ιο
っぷよ,ππου_ιο,ππου_ιο
っぺよ,ππε_ιο,ππε_ιο
っぽよ,ππο_ιο,ππο_ιο
っぱあよ,ππαα_ιο,ππαα_ιο
っぴいよ,ππιι_ιο,ππιι_ιο
っぷうよ,ππουου_ιο,ππουου_ιο
っぺえよ,ππεε_ιο,ππεε_ιο
っぽうよ,πποο_ιο,πποο_ιο
っぽおよ,πποο_ιο,πποο_ιο
っぺいよ,ππει_ιο,ππει_ιο
ぁよ,α_ιο,α_ιο
ぃよ,ι_ιο,ι_ιο
ぅよ,ου_ιο,ου_ιο
ぇよ,ε_ιο,ε_ιο
ぉよ,ο_ιο,ο_ιο
ぁあよ,αα_ιο,αα_ιο
ぃいよ,ιι_ιο,ιι_ιο
ぅうよ,ουου_ιο,ουου_ιο
ぇえよ,εε_ιο,εε_ιο
ぉうよ,οο_ιο,οο_ιο
ぉおよ,οο_ιο,οο_ιο
ぇいよ,ει_ιο,ει_ιο
ゔぁよ,βα_ιο,βα_ιο
ゔぃよ,βι_ιο,βι_ιο
ゔよ,βου_ιο,βου_ιο
ゔぇよ,βε_ιο,βε_ιο
ゔぉよ,βο_ιο,βο_ιο
ゔぁあよ,βαα_ιο,βαα_ιο
ゔぃいよ,βιι_ιο,βιι_ιο
ゔうよ,βουου_ιο,βουου_ιο
ゔぇえよ,βεε_ιο,βεε_ιο
ゔぉうよ,βοο_ιο,βοο_ιο
ゔぉおよ,βοο_ιο,βοο_ιο
ゔぇいよ,βει_ιο,βει_ιο