あおい,あおき,いき
あおい,あおた,いた
あおい,あおの,いの
あおい,あかい,おか
あおい,あさい,おさ
あおい,あらい,おら
あおき,あらき,おら
あおき,あおた,きた
あおき,あおの,きの
あおた,おおた,あお
あおた,あきた,おき
あおた,あらた,おら
あおた,ありた,おり
あおた,あおの,たの
あおの,おおの,あお
あおの,しおの,あし
あおの,あさの,おさ
あおの,あまの,おま
あおの,あわの,おわ
あかい,うかい,あう
あかい,さかい,あさ
あかい,たかい,あた
あかい,なかい,あな
あかい,ふかい,あふ
あかい,むかい,あむ
あかい,わかい,あわ
あかい,あかお,いお
あかい,あかぎ,いぎ
あかい,あかま,いま
あかい,あさい,かさ
あかい,あらい,から
あかお,たかお,あた
あかお,なかお,あな
あかお,あかぎ,おぎ
あかお,あかま,おま
あかぎ,たかぎ,あた
あかぎ,あかま,ぎま
あかし,あかい,しい
あかし,あかお,しお
あかし,あかぎ,しぎ
あかし,あかま,しま
あかま,なかま,あな
あきた,おきた,あお
あきた,たきた,あた
あきた,ときた,あと
あきた,ひきた,あひ
あきた,まきた,あま
あきた,わきた,あわ
あきた,あらた,きら
あきた,ありた,きり
あさい,かさい,あか
あさい,あさだ,いだ
あさい,あさと,いと
あさい,あさの,いの
あさい,あさひ,いひ
あさい,あさみ,いみ
あさい,あさり,いり
あさい,あらい,さら
あさだ,おさだ,あお
あさだ,ささだ,あさ
あさだ,あしだ,さし
あさだ,あさと,だと
あさだ,あさの,だの
あさだ,あさひ,だひ
あさだ,あさみ,だみ
あさだ,あさり,だり
あさと,あさの,との
あさと,あさひ,とひ
あさと,あさみ,とみ
あさと,あさり,とり
あさの,くさの,あく
あさの,あまの,さま
あさの,あわの,さわ
あさの,あさひ,のひ
あさの,あさみ,のみ
あさの,あさり,のり
あさひ,あさみ,ひみ
あさひ,あさり,ひり
あさみ,あさり,みり
あしだ,いしだ,あい
あしだ,うしだ,あう
あしだ,きしだ,あき
あしだ,くしだ,あく
あしだ,こしだ,あこ
あしだ,にしだ,あに
あしだ,はしだ,あは
あしだ,ひしだ,あひ
あしだ,よしだ,あよ
あまの,くまの,あく
あまの,しまの,あし
あまの,はまの,あは
あまの,やまの,あや
あまの,あわの,まわ
あらい,しらい,あし
あらい,てらい,あて
あらい,ひらい,あひ
あらい,むらい,あむ
あらい,あらき,いき
あらい,あらた,いた
あらき,しらき,あし
あらき,ひらき,あひ
あらき,むらき,あむ
あらき,あらた,きた
あらた,うらた,あう
あらた,くらた,あく
あらた,しらた,あし
あらた,ひらた,あひ
あらた,むらた,あむ
あらた,ありた,らり
ありた,おりた,あお
ありた,くりた,あく
ありた,なりた,あな
ありた,もりた,あも
あわの,いわの,あい
あわの,かわの,あか
あわの,くわの,あく
あわの,さわの,あさ
いうち,きうち,いき
いうち,こうち,いこ
いうち,たうち,いた
いうち,いぐち,うぐ
いがわ,えがわ,いえ
いがわ,おがわ,いお
いがわ,かがわ,いか
いがわ,さがわ,いさ
いがわ,せがわ,いせ
いがわ,たがわ,いた
いがわ,つがわ,いつ
いがわ,とがわ,いと
いがわ,いざわ,がざ
いぐち,えぐち,いえ
いぐち,おぐち,いお
いぐち,きぐち,いき
いぐち,たぐち,いた
いぐち,でぐち,いで
いぐち,のぐち,いの
いぐち,ひぐち,いひ
いぐち,やぐち,いや
いけだ,いいだ,けい
いけだ,たけだ,いた
いけだ,いしだ,けし
いけだ,いそだ,けそ
いけだ,いちだ,けち
いけだ,いなだ,けな
いけだ,いまだ,けま
いけだ,いけの,だの
いけの,いいの,けい
いけの,たけの,いた
いけの,いしの,けし
いけの,いその,けそ
いけの,いちの,けち
いけの,いわの,けわ
いさか,くさか,いく
いさか,こさか,いこ
いさか,たさか,いた
いさか,のさか,いの
いさか,ほさか,いほ
いざわ,おざわ,いお
いざわ,たざわ,いた
いざわ,とざわ,いと
いざわ,のざわ,いの
いざわ,やざわ,いや
いざわ,ゆざわ,いゆ
いしだ,いいだ,しい
いしだ,いしい,だい
いしだ,うしだ,いう
いしだ,きしだ,いき
いしだ,くしだ,いく
いしだ,こしだ,いこ
いしだ,にしだ,いに
いしだ,はしだ,いは
いしだ,ひしだ,いひ
いしだ,よしだ,いよ
いしだ,いそだ,しそ
いしだ,いちだ,しち
いしだ,いなだ,しな
いしだ,いまだ,しま
いしだ,いしの,だの
いしの,いいの,しい
いしの,いしい,のい
いしの,きしの,いき
いしの,にしの,いに
いしの,ほしの,いほ
いしの,よしの,いよ
いしの,いその,しそ
いしの,いちの,しち
いしの,いわの,しわ
いそだ,いいだ,そい
いそだ,ほそだ,いほ
いそだ,いちだ,そち
いそだ,いなだ,そな
いそだ,いまだ,そま
いそだ,いその,だの
いその,いいの,そい
いその,ほその,いほ
いその,いちの,そち
いその,いわの,そわ
いちだ,いいだ,ちい
いちだ,うちだ,いう
いちだ,つちだ,いつ
いちだ,まちだ,いま
いちだ,いちの,だの
いちだ,いなだ,ちな
いちだ,いまだ,ちま
いちの,いいの,ちい
いちの,うちの,いう
いちの,いわの,ちわ
いとう,えとう,いえ
いとう,かとう,いか
いとう,きとう,いき
いとう,ごとう,いご
いとう,さとう,いさ
いとう,むとう,いむ
いなだ,いいだ,ない
いなだ,さなだ,いさ
いなだ,しなだ,いし
いなだ,すなだ,いす
いなだ,はなだ,いは
いなだ,ふなだ,いふ
いなだ,いなみ,だみ
いなだ,いまだ,なま
いはら,えはら,いえ
いはら,きはら,いき
いはら,さはら,いさ
いはら,たはら,いた
いはら,ちはら,いち
いはら,のはら,いの
いはら,みはら,いみ
いはら,いむら,はむ
いまだ,いいだ,まい
いまだ,くまだ,いく
いまだ,こまだ,いこ
いまだ,しまだ,いし
いまだ,たまだ,いた
いまだ,はまだ,いは
いまだ,やまだ,いや
いむら,えむら,いえ
いむら,きむら,いき
いむら,こむら,いこ
いむら,しむら,いし
いむら,たむら,いた
いむら,つむら,いつ
いむら,とむら,いと
いむら,のむら,いの
いむら,みむら,いみ
いもと,えもと,いえ
いもと,きもと,いき
いもと,ねもと,いね
いもと,のもと,いの
いもと,ゆもと,いゆ
いわお,いわい,おい
いわお,いわき,おき
いわお,いわさ,おさ
いわお,いわせ,おせ
いわお,いわた,おた
いわお,いわの,おの
いわお,いわま,おま
いわお,いわみ,おみ
いわき,いわい,きい
いわき,いわさ,きさ
いわき,いわせ,きせ
いわき,いわた,きた
いわき,いわの,きの
いわき,いわま,きま
いわき,いわみ,きみ
いわさ,いわい,さい
いわさ,いわせ,させ
いわさ,いわた,さた
いわさ,いわの,さの
いわさ,いわま,さま
いわさ,いわみ,さみ
いわせ,いわい,せい
いわせ,かわせ,いか
いわせ,いわた,せた
いわせ,いわの,せの
いわせ,いわま,せま
いわせ,いわみ,せみ
いわた,いわい,たい
いわた,くわた,いく
いわた,いわの,たの
いわた,いわま,たま
いわた,いわみ,たみ
いわの,いわい,のい
いわの,いいの,わい
いわの,かわの,いか
いわの,くわの,いく
いわの,さわの,いさ
いわの,いわま,のま
いわの,いわみ,のみ
いわま,いわい,まい
いわま,いわみ,まみ
いわみ,いわい,みい
いわみ,いたみ,わた
いわみ,いなみ,わな
うえだ,うえき,だき
うえだ,まえだ,うま
うえだ,うしだ,えし
うえだ,うすだ,えす
うえだ,うちだ,えち
うえだ,うめだ,えめ
うえだ,うえの,だの
うえの,うえき,のき
うえの,うちの,えち
うえの,うめの,えめ
うえの,うらの,えら
うえの,うんの,えん
うかい,さかい,うさ
うかい,たかい,うた
うかい,なかい,うな
うかい,ふかい,うふ
うかい,むかい,うむ
うかい,わかい,うわ
うしだ,きしだ,うき
うしだ,くしだ,うく
うしだ,こしだ,うこ
うしだ,にしだ,うに
うしだ,はしだ,うは
うしだ,ひしだ,うひ
うしだ,よしだ,うよ
うしだ,うすだ,しす
うしだ,うちだ,しち
うしだ,うめだ,しめ
うすだ,くすだ,うく
うすだ,ますだ,うま
うすだ,やすだ,うや
うすだ,うちだ,すち
うすだ,うめだ,すめ
うちだ,つちだ,うつ
うちだ,まちだ,うま
うちだ,うちの,だの
うちだ,うめだ,ちめ
うちの,うめの,ちめ
うちの,うらの,ちら
うちの,うんの,ちん
うめだ,かめだ,うか
うめだ,うめの,だの
うめの,うらの,めら
うめの,うんの,めん
うらた,くらた,うく
うらた,しらた,うし
うらた,ひらた,うひ
うらた,むらた,うむ
うらた,うらの,たの
うらの,はらの,うは
うらの,ひらの,うひ
うらの,むらの,うむ
うらの,うんの,らん
うんの,かんの,うか
うんの,こんの,うこ
うんの,じんの,うじ
うんの,たんの,うた
えがわ,おがわ,えお
えがわ,かがわ,えか
えがわ,さがわ,えさ
えがわ,せがわ,えせ
えがわ,たがわ,えた
えがわ,つがわ,えつ
えがわ,とがわ,えと
えぐち,おぐち,えお
えぐち,きぐち,えき
えぐち,たぐち,えた
えぐち,でぐち,えで
えぐち,のぐち,えの
えぐち,ひぐち,えひ
えぐち,やぐち,えや
えじま,きじま,えき
えじま,こじま,えこ
えじま,たじま,えた
えじま,でじま,えで
えじま,のじま,えの
えじま,やじま,えや
えとう,かとう,えか
えとう,きとう,えき
えとう,ごとう,えご
えとう,さとう,えさ
えとう,むとう,えむ
えはら,きはら,えき
えはら,さはら,えさ
えはら,たはら,えた
えはら,ちはら,えち
えはら,のはら,えの
えはら,みはら,えみ
えはら,えむら,はむ
えむら,きむら,えき
えむら,こむら,えこ
えむら,しむら,えし
えむら,たむら,えた
えむら,つむら,えつ
えむら,とむら,えと
えむら,のむら,えの
えむら,みむら,えみ
えもと,きもと,えき
えもと,ねもと,えね
えもと,のもと,えの
えもと,ゆもと,えゆ
えんだ,おんだ,えお
えんだ,かんだ,えか
えんだ,はんだ,えは
えんだ,ほんだ,えほ
おかだ,たかだ,おた
おかだ,つかだ,おつ
おかだ,なかだ,おな
おかだ,ふかだ,おふ
おかだ,おくだ,かく
おかだ,おさだ,かさ
おかだ,おのだ,かの
おかだ,おんだ,かん
おかだ,おかの,だの
おがた,おおた,がお
おがた,すがた,おす
おがた,ながた,おな
おがた,おきた,がき
おがた,おばた,がば
おがた,おまた,がま
おがた,おりた,がり
おがた,おがわ,たわ
おかの,おおの,かお
おかの,さかの,おさ
おかの,たかの,おた
おかの,なかの,おな
おかの,おきの,かき
おかの,おぎの,かぎ
おかの,おくの,かく
おがわ,かがわ,おか
おがわ,さがわ,おさ
おがわ,せがわ,おせ
おがわ,たがわ,おた
おがわ,つがわ,おつ
おがわ,とがわ,おと
おがわ,おざわ,がざ
おきた,おおた,きお
おきた,たきた,おた
おきた,ときた,おと
おきた,ひきた,おひ
おきた,まきた,おま
おきた,わきた,おわ
おきた,おばた,きば
おきた,おまた,きま
おきた,おりた,きり
おきた,おきの,たの
おきの,おおの,きお
おきの,せきの,おせ
おきの,まきの,おま
おきの,おぎの,きぎ
おきの,おくの,きく
おぎの,おおの,ぎお
おぎの,はぎの,おは
おぎの,おくの,ぎく
おくい,おくだ,いだ
おくい,おくの,いの
おくい,つくい,おつ
おくい,ふくい,おふ
おくだ,つくだ,おつ
おくだ,とくだ,おと
おくだ,ふくだ,おふ
おくだ,おさだ,くさ
おくだ,おのだ,くの
おくだ,おんだ,くん
おくだ,おくの,だの
おぐち,きぐち,おき
おぐち,たぐち,おた
おぐち,でぐち,おで
おぐち,のぐち,おの
おぐち,ひぐち,おひ
おぐち,やぐち,おや
おぐち,おぐま,ちま
おぐち,おぐら,ちら
おくの,おおの,くお
おくの,かくの,おか
おざき,きざき,おき
おざき,こざき,おこ
おざき,すざき,おす
おざき,たざき,おた
おざき,のざき,おの
おざき,やざき,おや
おざき,おざわ,きわ
おさだ,ささだ,おさ
おさだ,おのだ,さの
おさだ,おんだ,さん
おざわ,たざわ,おた
おざわ,とざわ,おと
おざわ,のざわ,おの
おざわ,やざわ,おや
おざわ,ゆざわ,おゆ
おのだ,しのだ,おし
おのだ,そのだ,おそ
おのだ,つのだ,おつ
おのだ,おんだ,のん
おばた,おおた,ばお
おばた,しばた,おし
おばた,おまた,ばま
おばた,おりた,ばり
おまた,おおた,まお
おまた,かまた,おか
おまた,おりた,まり
おりた,おおた,りお
おりた,くりた,おく
おりた,なりた,おな
おりた,もりた,おも
おんだ,かんだ,おか
おんだ,はんだ,おは
おんだ,ほんだ,おほ
かがわ,かがや,わや
かがわ,さがわ,かさ
かがわ,せがわ,かせ
かがわ,たがわ,かた
かがわ,つがわ,かつ
かがわ,とがわ,かと
かくの,かたの,くた
かくの,かつの,くつ
かくの,かやの,くや
かくの,かわの,くわ
かくの,かんの,くん
かじた,つじた,かつ
かじた,ふじた,かふ
かじた,かつた,じつ
かじた,かまた,じま
かたの,きたの,かき
かたの,はたの,かは
かたの,かつの,たつ
かたの,かやの,たや
かたの,かわの,たわ
かたの,かんの,たん
かつき,まつき,かま
かつき,かつた,きた
かつき,かつの,きの
かつき,かつべ,きべ
かつた,かつの,たの
かつた,かつべ,たべ
かつた,かまた,つま
かつの,まつの,かま
かつの,かやの,つや
かつの,かわの,つわ
かつの,かんの,つん
かつの,かつべ,のべ
かつべ,かわべ,つわ
かつら,かつき,らき
かつら,かつた,らた
かつら,かつの,らの
かつら,かつべ,らべ
かとう,きとう,かき
かとう,ごとう,かご
かとう,さとう,かさ
かとう,むとう,かむ
かめい,かさい,めさ
かめい,かない,めな
かめい,かめだ,いだ
かめい,かわい,めわ
かめだ,かねだ,めね
かめだ,かわだ,めわ
かめだ,かんだ,めん
かやの,はやの,かは
かやの,みやの,かみ
かやの,かわの,やわ
かやの,かんの,やん
かわい,いわい,かい
かわい,かさい,わさ
かわい,かない,わな
かわい,かわせ,いせ
かわい,かわだ,いだ
かわい,かわづ,いづ
かわい,かわな,いな
かわい,かわの,いの
かわい,かわべ,いべ
かわい,さわい,かさ
かわせ,かわだ,せだ
かわせ,かわづ,せづ
かわせ,かわな,せな
かわせ,かわの,せの
かわせ,かわべ,せべ
かわだ,かねだ,わね
かわだ,さわだ,かさ
かわだ,かわづ,だづ
かわだ,かわな,だな
かわだ,かわの,だの
かわだ,かわべ,だべ
かわだ,かんだ,わん
かわづ,かわな,づな
かわづ,かわの,づの
かわづ,かわべ,づべ
かわな,かわの,なの
かわな,かわべ,なべ
かわの,くわの,かく
かわの,さわの,かさ
かわの,かわべ,のべ
かわの,かんの,わん
かんだ,かねだ,んね
かんだ,はんだ,かは
かんだ,ほんだ,かほ
かんだ,かんの,だの
かんの,こんの,かこ
かんの,じんの,かじ
かんの,たんの,かた
かんべ,かんだ,べだ
かんべ,かんの,べの
かんべ,かつべ,んつ
かんべ,かわべ,んわ
きぐち,きうち,ぐう
きぐち,たぐち,きた
きぐち,でぐち,きで
きぐち,のぐち,きの
きぐち,ひぐち,きひ
きぐち,やぐち,きや
きしだ,くしだ,きく
きしだ,こしだ,きこ
きしだ,にしだ,きに
きしだ,はしだ,きは
きしだ,ひしだ,きひ
きしだ,よしだ,きよ
きしだ,きただ,した
きしだ,きしの,だの
きしの,にしの,きに
きしの,ほしの,きほ
きしの,よしの,きよ
きしの,きたの,した
きじま,こじま,きこ
きじま,たじま,きた
きじま,でじま,きで
きじま,のじま,きの
きじま,まじま,きま
きじま,やじま,きや
きじま,きやま,じや
きたの,きただ,のだ
きたの,きたに,のに
きたの,はたの,きは
きとう,ごとう,きご
きとう,さとう,きさ
きとう,むとう,きむ
きはら,さはら,きさ
きはら,たはら,きた
きはら,ちはら,きち
きはら,のはら,きの
きはら,みはら,きみ
きはら,きむら,はむ
きむら,こむら,きこ
きむら,しむら,きし
きむら,たむら,きた
きむら,つむら,きつ
きむら,とむら,きと
きむら,のむら,きの
きむら,みむら,きみ
きもと,ねもと,きね
きもと,のもと,きの
きもと,ゆもと,きゆ
きやま,こやま,きこ
きやま,さやま,きさ
きやま,すやま,きす
きやま,たやま,きた
きやま,とやま,きと
きやま,ひやま,きひ
きやま,みやま,きみ
くさか,くさの,かの
くさか,こさか,くこ
くさか,たさか,くた
くさか,のさか,くの
くさか,ほさか,くほ
くさの,くまの,さま
くさの,くわの,さわ
くしだ,こしだ,くこ
くしだ,にしだ,くに
くしだ,はしだ,くは
くしだ,ひしだ,くひ
くしだ,よしだ,くよ
くしだ,くすだ,しす
くしだ,くまだ,しま
くしだ,くろだ,しろ
くすだ,ますだ,くま
くすだ,やすだ,くや
くすだ,くまだ,すま
くすだ,くろだ,すろ
くまき,くまだ,きだ
くまき,くまの,きの
くまき,こまき,くこ
くまき,たまき,くた
くまき,やまき,くや
くまだ,こまだ,くこ
くまだ,しまだ,くし
くまだ,たまだ,くた
くまだ,はまだ,くは
くまだ,やまだ,くや
くまだ,くまの,だの
くまだ,くろだ,まろ
くまの,しまの,くし
くまの,はまの,くは
くまの,やまの,くや
くまの,くわの,まわ
くらた,しらた,くし
くらた,ひらた,くひ
くらた,むらた,くむ
くらた,くりた,らり
くらた,くわた,らわ
くりた,なりた,くな
くりた,もりた,くも
くりた,くわた,りわ
くわた,くわの,たの
くわの,さわの,くさ
こさか,たさか,こた
こさか,のさか,この
こさか,ほさか,こほ
こざき,きざき,こき
こざき,すざき,こす
こざき,たざき,こた
こざき,のざき,この
こざき,やざき,こや
こざき,こまき,ざま
こしだ,こうだ,しう
こしだ,にしだ,こに
こしだ,はしだ,こは
こしだ,ひしだ,こひ
こしだ,よしだ,こよ
こしだ,こまだ,しま
こじま,たじま,こた
こじま,でじま,こで
こじま,のじま,この
こじま,まじま,こま
こじま,やじま,こや
こじま,こやま,じや
ごとう,さとう,ごさ
ごとう,むとう,ごむ
こまき,こまだ,きだ
こまき,たまき,こた
こまき,やまき,こや
こまだ,こうだ,まう
こまだ,しまだ,こし
こまだ,たまだ,こた
こまだ,はまだ,こは
こまだ,やまだ,こや
こむら,しむら,こし
こむら,たむら,こた
こむら,つむら,こつ
こむら,とむら,こと
こむら,のむら,この
こむら,みむら,こみ
こやま,さやま,こさ
こやま,すやま,こす
こやま,たやま,こた
こやま,とやま,こと
こやま,ひやま,こひ
こやま,みやま,こみ
こんの,じんの,こじ
こんの,たんの,こた
さかい,さかえ,いえ
さかい,さかき,いき
さかい,さかた,いた
さかい,さかね,いね
さかい,さかの,いの
さかい,さかべ,いべ
さかい,さわい,かわ
さかい,たかい,さた
さかい,なかい,さな
さかい,ふかい,さふ
さかい,むかい,さむ
さかい,わかい,さわ
さかえ,さかき,えき
さかえ,さかた,えた
さかえ,さかね,えね
さかえ,さかの,えの
さかえ,さかべ,えべ
さかえ,なかえ,さな
さかき,さかた,きた
さかき,さかね,きね
さかき,さかの,きの
さかき,さかべ,きべ
さかた,しかた,さし
さかた,さかね,たね
さかた,さかの,たの
さかた,さかべ,たべ
さかね,なかね,さな
さかね,さかの,ねの
さかね,さかべ,ねべ
さかの,さわの,かわ
さかの,たかの,さた
さかの,なかの,さな
さかの,さかべ,のべ
さがわ,せがわ,させ
さがわ,たがわ,さた
さがわ,つがわ,さつ
さがわ,とがわ,さと
ささい,あさい,さあ
ささい,かさい,さか
ささい,さかい,さか
ささい,さわい,さわ
さとう,むとう,さむ
さなだ,ささだ,なさ
さなだ,しなだ,さし
さなだ,すなだ,さす
さなだ,はなだ,さは
さなだ,ふなだ,さふ
さなだ,さわだ,なわ
さはら,たはら,さた
さはら,ちはら,さち
さはら,のはら,さの
さはら,みはら,さみ
さやま,すやま,さす
さやま,たやま,さた
さやま,とやま,さと
さやま,ひやま,さひ
さやま,みやま,さみ
さわい,いわい,さい
さわい,さわだ,いだ
さわい,さわの,いの
さわだ,ささだ,わさ
さわだ,さわの,だの
しおだ,しなだ,おな
しおだ,しのだ,おの
しおだ,しまだ,おま
しおだ,しもだ,おも
しおだ,しおの,だの
しおだ,しおや,だや
しおの,おおの,しお
しおの,しまの,おま
しおの,しおや,のや
しかた,しばた,かば
しかた,しらた,から
しかた,しろた,かろ
しげた,しかた,げか
しげた,しばた,げば
しげた,しらた,げら
しげた,しろた,げろ
しなだ,すなだ,しす
しなだ,はなだ,しは
しなだ,ふなだ,しふ
しなだ,しのだ,なの
しなだ,しまだ,なま
しなだ,しもだ,なも
しのだ,そのだ,しそ
しのだ,つのだ,しつ
しのだ,しまだ,のま
しのだ,しもだ,のも
しばた,しらた,ばら
しばた,しろた,ばろ
しまだ,たまだ,した
しまだ,はまだ,しは
しまだ,やまだ,しや
しまだ,しまの,だの
しまだ,しもだ,まも
しまの,はまの,しは
しまの,やまの,しや
しむら,たむら,した
しむら,つむら,しつ
しむら,とむら,しと
しむら,のむら,しの
しむら,みむら,しみ
しらい,しらき,いき
しらい,しらた,いた
しらい,てらい,して
しらい,ひらい,しひ
しらい,むらい,しむ
しらき,しらた,きた
しらき,ひらき,しひ
しらき,むらき,しむ
しらた,ひらた,しひ
しらた,むらた,しむ
しらた,しろた,らろ
しろた,ひろた,しひ
じんの,たんの,じた
すざき,きざき,すき
すざき,たざき,すた
すざき,のざき,すの
すざき,やざき,すや
すなだ,はなだ,すは
すなだ,ふなだ,すふ
すやま,たやま,すた
すやま,とやま,すと
すやま,ひやま,すひ
すやま,みやま,すみ
せがわ,たがわ,せた
せがわ,つがわ,せつ
せがわ,とがわ,せと
たうち,きうち,たき
たうち,こうち,たこ
たうち,たぐち,うぐ
たうち,たけち,うけ
たかい,たかお,いお
たかい,たかぎ,いぎ
たかい,たかく,いく
たかい,たかす,いす
たかい,たかせ,いせ
たかい,たかだ,いだ
たかい,たかつ,いつ
たかい,たかの,いの
たかい,たかみ,いみ
たかい,たかや,いや
たかい,たから,いら
たかい,たけい,かけ
たかい,たまい,かま
たかい,なかい,たな
たかい,ふかい,たふ
たかい,むかい,たむ
たかい,わかい,たわ
たかお,たかぎ,おぎ
たかお,たかく,おく
たかお,たかす,おす
たかお,たかせ,おせ
たかお,たかだ,おだ
たかお,たかつ,おつ
たかお,たかの,おの
たかお,たかみ,おみ
たかお,たかや,おや
たかお,たから,おら
たかお,なかお,たな
たかぎ,たかく,ぎく
たかぎ,たかす,ぎす
たかぎ,たかせ,ぎせ
たかぎ,たかだ,ぎだ
たかぎ,たかつ,ぎつ
たかぎ,たかの,ぎの
たかぎ,たかみ,ぎみ
たかぎ,たかや,ぎや
たかぎ,たから,ぎら
たかく,たかす,くす
たかく,たかせ,くせ
たかく,たかだ,くだ
たかく,たかつ,くつ
たかく,たかの,くの
たかく,たかみ,くみ
たかく,たかや,くや
たかく,たから,くら
たかす,たかせ,すせ
たかす,たかだ,すだ
たかす,たかつ,すつ
たかす,たかの,すの
たかす,たかみ,すみ
たかす,たかや,すや
たかす,たから,すら
たかせ,たかだ,せだ
たかせ,たかつ,せつ
たかせ,たかの,せの
たかせ,たかみ,せみ
たかせ,たかや,せや
たかせ,たから,せら
たかせ,なかせ,たな
たかせ,ふかせ,たふ
たかだ,たけだ,かけ
たかだ,たまだ,かま
たかだ,つかだ,たつ
たかだ,なかだ,たな
たかだ,ふかだ,たふ
たかだ,たかつ,だつ
たかだ,たかの,だの
たかだ,たかみ,だみ
たかだ,たかや,だや
たかだ,たから,だら
たかつ,なかつ,たな
たかつ,ふかつ,たふ
たかつ,たかの,つの
たかつ,たかみ,つみ
たかつ,たかや,つや
たかつ,たから,つら
たかの,たけの,かけ
たかの,たにの,かに
たかの,たんの,かん
たかの,なかの,たな
たかの,たかみ,のみ
たかの,たかや,のや
たかの,たから,のら
たかみ,たがみ,かが
たかみ,ふかみ,たふ
たかみ,たかや,みや
たかみ,たから,みら
たかや,たけや,かけ
たかや,たみや,かみ
たかや,なかや,たな
たかや,ふかや,たふ
たかや,たから,やら
たから,たはら,かは
たから,たむら,かむ
たがわ,たがみ,わみ
たがわ,たざわ,がざ
たがわ,つがわ,たつ
たがわ,とがわ,たと
たきた,ときた,たと
たきた,ひきた,たひ
たきた,まきた,たま
たきた,わきた,たわ
たぐち,たけち,ぐけ
たぐち,でぐち,たで
たぐち,のぐち,たの
たぐち,ひぐち,たひ
たぐち,やぐち,たや
たけい,たけだ,いだ
たけい,たけち,いち
たけい,たけの,いの
たけい,たけや,いや
たけい,たまい,けま
たけだ,たまだ,けま
たけだ,たけち,だち
たけだ,たけの,だの
たけだ,たけや,だや
たけち,たけの,ちの
たけち,たけや,ちや
たけの,たにの,けに
たけの,たんの,けん
たけの,たけや,のや
たけや,たみや,けみ
たさか,たなか,さな
たさか,のさか,たの
たさか,ほさか,たほ
たざき,きざき,たき
たざき,たざわ,きわ
たざき,たまき,ざま
たざき,のざき,たの
たざき,やざき,たや
たざわ,とざわ,たと
たざわ,のざわ,たの
たざわ,やざわ,たや
たざわ,ゆざわ,たゆ
たじま,たやま,じや
たじま,でじま,たで
たじま,のじま,たの
たじま,まじま,たま
たじま,やじま,たや
たての,たかの,てか
たての,たけの,てけ
たての,たにの,てに
たての,たんの,てん
たにだ,たかだ,にか
たにだ,たけだ,にけ
たにだ,たにの,だの
たにだ,たまだ,にま
たはら,ちはら,たち
たはら,のはら,たの
たはら,みはら,たみ
たはら,たむら,はむ
たまい,たまき,いき
たまい,たまだ,いだ
たまき,たまだ,きだ
たまき,やまき,たや
たまだ,はまだ,たは
たまだ,やまだ,たや
たむら,つむら,たつ
たむら,とむら,たと
たむら,のむら,たの
たむら,みむら,たみ
たやま,とやま,たと
たやま,ひやま,たひ
たやま,みやま,たみ
たんの,たにの,んに
ちはら,のはら,ちの
ちはら,みはら,ちみ
つかだ,つくだ,かく
つかだ,つちだ,かち
つかだ,つのだ,かの
つかだ,なかだ,つな
つかだ,ふかだ,つふ
つがわ,とがわ,つと
つくい,つくだ,いだ
つくい,つじい,くじ
つくい,つつい,くつ
つくい,ふくい,つふ
つくだ,つちだ,くち
つくだ,つのだ,くの
つくだ,とくだ,つと
つくだ,ふくだ,つふ
つじい,つじた,いた
つじい,つつい,じつ
つじい,ふじい,つふ
つじた,つるた,じる
つじた,ふじた,つふ
つちだ,つのだ,ちの
つちだ,まちだ,つま
つのだ,そのだ,つそ
つむら,とむら,つと
つむら,のむら,つの
つむら,みむら,つみ
つるた,はるた,つは
つるた,ひるた,つひ
つるた,ふるた,つふ
つるた,まるた,つま
でぐち,のぐち,での
でぐち,ひぐち,でひ
でぐち,やぐち,でや
でじま,のじま,での
でじま,まじま,でま
でじま,やじま,でや
てらい,ひらい,てひ
てらい,むらい,てむ
とがわ,とざわ,がざ
ときた,ひきた,とひ
ときた,まきた,とま
ときた,わきた,とわ
とざわ,のざわ,との
とざわ,やざわ,とや
とざわ,ゆざわ,とゆ
とむら,のむら,との
とむら,みむら,とみ
とやま,ひやま,とひ
とやま,みやま,とみ
なかい,なかえ,いえ
なかい,なかお,いお
なかい,なかせ,いせ
なかい,なかだ,いだ
なかい,なかつ,いつ
なかい,なかで,いで
なかい,なかね,いね
なかい,なかの,いの
なかい,なかま,いま
なかい,なかや,いや
なかい,ながい,かが
なかい,ふかい,なふ
なかい,むかい,なむ
なかい,わかい,なわ
ながい,ながえ,いえ
ながい,ながお,いお
ながい,ながせ,いせ
ながい,ながた,いた
ながい,ながの,いの
ながい,ながは,いは
ながい,ながや,いや
なかえ,なかお,えお
なかえ,なかせ,えせ
なかえ,なかだ,えだ
なかえ,なかつ,えつ
なかえ,なかで,えで
なかえ,なかね,えね
なかえ,なかの,えの
なかえ,なかま,えま
なかえ,なかや,えや
なかえ,ながえ,かが
ながえ,ながお,えお
ながえ,ながせ,えせ
ながえ,ながた,えた
ながえ,ながの,えの
ながえ,ながは,えは
ながえ,ながや,えや
なかお,なかせ,おせ
なかお,なかだ,おだ
なかお,なかつ,おつ
なかお,なかで,おで
なかお,なかね,おね
なかお,なかの,おの
なかお,なかま,おま
なかお,なかや,おや
なかお,ながお,かが
ながお,ながせ,おせ
ながお,ながた,おた
ながお,ながの,おの
ながお,ながは,おは
ながお,ながや,おや
なかせ,ながせ,かが
なかせ,なかだ,せだ
なかせ,なかつ,せつ
なかせ,なかで,せで
なかせ,なかね,せね
なかせ,なかの,せの
なかせ,なかま,せま
なかせ,なかや,せや
なかせ,ふかせ,なふ
ながせ,ながた,せた
ながせ,ながの,せの
ながせ,ながは,せは
ながせ,ながや,せや
なかだ,なかつ,だつ
なかだ,なかで,だで
なかだ,なかね,だね
なかだ,なかの,だの
なかだ,なかま,だま
なかだ,なかや,だや
なかだ,ふかだ,なふ
ながた,すがた,なす
ながた,なりた,がり
ながた,ながの,たの
ながた,ながは,たは
ながた,ながや,たや
なかつ,なかで,つで
なかつ,なかね,つね
なかつ,なかの,つの
なかつ,なかま,つま
なかつ,なかや,つや
なかつ,ふかつ,なふ
なかで,なかね,でね
なかで,なかの,での
なかで,なかま,でま
なかで,なかや,でや
なかね,なかの,ねの
なかね,なかま,ねま
なかね,なかや,ねや
なかの,ながの,かが
なかの,なかま,のま
なかの,なかや,のや
ながの,ながは,のは
ながの,ながや,のや
ながは,ながや,はや
なかま,なかや,まや
なかや,ながや,かが
なかや,ふかや,なふ
ながや,かがや,なか
なりた,もりた,なも
にしい,いしい,にい
にしい,にしお,いお
にしい,にしだ,いだ
にしい,にしで,いで
にしい,にしな,いな
にしい,にしの,いの
にしい,よしい,によ
にしお,にしだ,おだ
にしお,にしで,おで
にしお,にしな,おな
にしお,にしの,おの
にしだ,にしで,だで
にしだ,にしな,だな
にしだ,にしの,だの
にしだ,はしだ,には
にしだ,ひしだ,にひ
にしだ,よしだ,によ
にしで,にしな,でな
にしで,にしの,での
にしな,にしの,なの
にしの,ほしの,にほ
にしの,よしの,によ
ねもと,のもと,ねの
ねもと,ゆもと,ねゆ
のぐち,ひぐち,のひ
のぐち,やぐち,のや
のさか,ほさか,のほ
のざき,きざき,のき
のざき,のざわ,きわ
のざき,やざき,のや
のざわ,やざわ,のや
のざわ,ゆざわ,のゆ
のじま,まじま,のま
のじま,やじま,のや
のはら,みはら,のみ
のはら,のむら,はむ
のむら,みむら,のみ
のもと,ゆもと,のゆ
はぎの,はたの,ぎた
はぎの,はまの,ぎま
はぎの,はやの,ぎや
はぎの,はらの,ぎら
はしだ,はなだ,しな
はしだ,はまだ,しま
はしだ,はらだ,しら
はしだ,はんだ,しん
はしだ,ひしだ,はひ
はしだ,よしだ,はよ
はたの,はまの,たま
はたの,はやの,たや
はたの,はらの,たら
はなだ,はまだ,なま
はなだ,はらだ,なら
はなだ,はんだ,なん
はなだ,ふなだ,はふ
はまだ,はまの,だの
はまだ,やまだ,はや
はまだ,はらだ,まら
はまだ,はんだ,まん
はまの,やまの,はや
はまの,はやの,まや
はまの,はらの,まら
はやの,はやた,のた
はやの,みやの,はみ
はやの,はらの,やら
はらだ,はらの,だの
はらだ,はんだ,らん
はらの,ひらの,はひ
はらの,むらの,はむ
はるた,はやた,るや
はるた,ひるた,はひ
はるた,ふるた,はふ
はるた,まるた,はま
はんだ,ほんだ,はほ
ひきた,ひらた,きら
ひきた,ひるた,きる
ひきた,ひろた,きろ
ひきた,まきた,ひま
ひきた,わきた,ひわ
ひぐち,やぐち,ひや
ひさだ,あさだ,ひあ
ひさだ,おさだ,ひお
ひさだ,ささだ,ひさ
ひさだ,ひしだ,さし
ひしだ,よしだ,ひよ
ひやま,みやま,ひみ
ひやま,ひらま,やら
ひらい,ひらお,いお
ひらい,ひらが,いが
ひらい,ひらき,いき
ひらい,ひらた,いた
ひらい,ひらの,いの
ひらい,ひらま,いま
ひらい,むらい,ひむ
ひらい,ひろい,らろ
ひらお,ひらが,おが
ひらお,ひらき,おき
ひらお,ひらた,おた
ひらお,ひらの,おの
ひらお,ひらま,おま
ひらお,むらお,ひむ
ひらが,ひらき,がき
ひらが,ひらた,がた
ひらが,ひらの,がの
ひらが,ひらま,がま
ひらき,ひらた,きた
ひらき,ひらの,きの
ひらき,ひらま,きま
ひらき,むらき,ひむ
ひらた,ひらの,たの
ひらた,ひらま,たま
ひらた,むらた,ひむ
ひらた,ひるた,らる
ひらた,ひろた,らろ
ひらの,ひらま,のま
ひらの,むらの,ひむ
ひらの,ひろの,らろ
ひるた,ふるた,ひふ
ひるた,まるた,ひま
ひるた,ひろた,るろ
ひろた,ひろい,たい
ひろた,ひろの,たの
ふかい,ふかせ,いせ
ふかい,ふかだ,いだ
ふかい,ふかつ,いつ
ふかい,ふかみ,いみ
ふかい,ふかや,いや
ふかい,ふくい,かく
ふかい,ふじい,かじ
ふかい,むかい,ふむ
ふかい,わかい,ふわ
ふかせ,ふるせ,かる
ふかせ,ふかだ,せだ
ふかせ,ふかつ,せつ
ふかせ,ふかみ,せみ
ふかせ,ふかや,せや
ふかだ,ふくだ,かく
ふかだ,ふなだ,かな
ふかだ,ふかつ,だつ
ふかだ,ふかみ,だみ
ふかだ,ふかや,だや
ふかつ,ふかみ,つみ
ふかつ,ふかや,つや
ふかみ,ふかや,みや
ふかや,ふるや,かる
ふくい,ふくだ,いだ
ふくい,ふくち,いち
ふくい,ふくま,いま
ふくい,ふじい,くじ
ふくし,ふくい,しい
ふくし,ふくだ,しだ
ふくし,ふくち,しち
ふくし,ふくま,しま
ふくだ,とくだ,ふと
ふくだ,ふなだ,くな
ふくだ,ふくち,だち
ふくだ,ふくま,だま
ふじい,ふじえ,いえ
ふじい,ふじお,いお
ふじい,ふじき,いき
ふじい,ふじた,いた
ふじい,ふじの,いの
ふじえ,ふじお,えお
ふじえ,ふじき,えき
ふじえ,ふじた,えた
ふじえ,ふじの,えの
ふじお,ふじき,おき
ふじお,ふじた,おた
ふじお,ふじの,おの
ふじき,ふじた,きた
ふじき,ふじの,きの
ふじき,ふるき,じる
ふじた,ふるた,じる
ふじた,ふじの,たの
ふじの,ふるの,じる
ふるき,ふるせ,きせ
ふるき,ふるた,きた
ふるき,ふるの,きの
ふるき,ふるや,きや
ふるせ,ふるた,せた
ふるせ,ふるの,せの
ふるせ,ふるや,せや
ふるた,ふるの,たの
ふるた,ふるや,たや
ふるた,まるた,ふま
ふるの,ふるや,のや
ほしの,ほその,しそ
ほしの,よしの,ほよ
ほそだ,ほそい,だい
ほそだ,ほんだ,そん
ほそだ,ほその,だの
ほその,ほそい,のい
まえだ,ますだ,えす
まえだ,まちだ,えち
まえだ,まつだ,えつ
まえの,まえだ,のだ
まえの,うえの,まう
まえの,まきの,えき
まえの,まつの,えつ
まきた,まるた,きる
まきた,まきの,たの
まきた,わきた,まわ
まきの,せきの,ませ
まきの,まつの,きつ
まじま,えじま,まえ
まじま,やじま,まや
ますだ,まちだ,すち
ますだ,まつだ,すつ
ますだ,やすだ,まや
まちだ,まつだ,ちつ
まつい,つつい,まつ
まつい,まつお,いお
まつい,まつき,いき
まつい,まつだ,いだ
まつい,まつの,いの
まつい,まつば,いば
まつお,まつき,おき
まつお,まつだ,おだ
まつお,まつの,おの
まつお,まつば,おば
まつき,まつだ,きだ
まつき,まつの,きの
まつき,まつば,きば
まつだ,まつの,だの
まつだ,まつば,だば
まつの,まつば,のば
みはら,みむら,はむ
みやい,みやお,いお
みやい,みやき,いき
みやい,みやぎ,いぎ
みやい,みやけ,いけ
みやい,みやた,いた
みやい,みやち,いち
みやい,みやの,いの
みやい,みやべ,いべ
みやい,みやま,いま
みやお,みやき,おき
みやお,みやぎ,おぎ
みやお,みやけ,おけ
みやお,みやた,おた
みやお,みやち,おち
みやお,みやの,おの
みやお,みやべ,おべ
みやお,みやま,おま
みやき,みやぎ,きぎ
みやき,みやけ,きけ
みやき,みやた,きた
みやき,みやち,きち
みやき,みやの,きの
みやき,みやべ,きべ
みやき,みやま,きま
みやぎ,みやけ,ぎけ
みやぎ,みやた,ぎた
みやぎ,みやち,ぎち
みやぎ,みやの,ぎの
みやぎ,みやべ,ぎべ
みやぎ,みやま,ぎま
みやけ,みやた,けた
みやけ,みやち,けち
みやけ,みやの,けの
みやけ,みやべ,けべ
みやけ,みやま,けま
みやた,はやた,みは
みやた,みやち,たち
みやた,みやの,たの
みやた,みやべ,たべ
みやた,みやま,たま
みやち,みやの,ちの
みやち,みやべ,ちべ
みやち,みやま,ちま
みやの,みやべ,のべ
みやの,みやま,のま
みやべ,みやま,べま
むかい,むらい,から
むかい,わかい,むわ
むらい,むらお,いお
むらい,むらき,いき
むらい,むらせ,いせ
むらい,むらた,いた
むらい,むらの,いの
むらお,むらき,おき
むらお,むらせ,おせ
むらお,むらた,おた
むらお,むらの,おの
むらき,むらせ,きせ
むらき,むらた,きた
むらき,むらの,きの
むらせ,むらた,せた
むらせ,むらの,せの
むらた,むらの,たの
もちだ,いちだ,もい
もちだ,うちだ,もう
もちだ,つちだ,もつ
もちだ,まちだ,もま
もりた,もりい,たい
やざき,きざき,やき
やざき,やざわ,きわ
やざき,やまき,ざま
やざわ,ゆざわ,やゆ
やじま,やしま,じし
やすだ,やすい,だい
やすだ,やまだ,すま
やまき,やまじ,きじ
やまき,やまだ,きだ
やまき,やまと,きと
やまき,やまな,きな
やまき,やまね,きね
やまき,やまの,きの
やまき,やまべ,きべ
やまき,やまや,きや
やまじ,やまだ,じだ
やまじ,やまと,じと
やまじ,やまな,じな
やまじ,やまね,じね
やまじ,やまの,じの
やまじ,やまべ,じべ
やまじ,やまや,じや
やまだ,やまと,だと
やまだ,やまな,だな
やまだ,やまね,だね
やまだ,やまの,だの
やまだ,やまべ,だべ
やまだ,やまや,だや
やまと,やまな,とな
やまと,やまね,とね
やまと,やまの,との
やまと,やまべ,とべ
やまと,やまや,とや
やまな,やまね,なね
やまな,やまの,なの
やまな,やまべ,なべ
やまな,やまや,なや
やまね,やまの,ねの
やまね,やまべ,ねべ
やまね,やまや,ねや
やまの,やまべ,のべ
やまの,やまや,のや
やまべ,やまや,べや
よしい,いしい,よい
よしい,よしだ,いだ
よしい,よしの,いの
よしだ,よしの,だの
わくい,わかい,くか
わくい,おくい,わお
わくい,つくい,わつ
わくい,ふくい,わふ